SubjectArea,Subject,Band,Unit,UnitASCode,AreaofStudy,Outcome,ExampleType,ContentType,ExampleText,ParentText,URLTitle,URL,Sequence
Business and Economics,Accounting,,,"VCEACU1AS1,VCEACU1AS2,VCEACU2AS1,VCEACU2AS2,VCEACU2AS3,VCEACU3AS1,VCEACU3AS2,VCEACU4AS1,VCEACU4AS2",,,,Header,,Business and Economics - Accounting,Accounting - Teaching and Learning,https://www.vcaa.vic.edu.au/curriculum/vce-curriculum/vce-study-designs/accounting/teaching-and-learning,0
Business and Economics,Accounting,Year 11,Unit 1,VCEACU1AS1,Area of Study 1 - The role of accounting,Outcome 1,Activity,Bullet,"Case studies: Using case studies of businesses where accounting has played a pivotal role in decision-making, financial management, and business success, analyse how accounting principles were applied in different scenarios.",,,,1
Business and Economics,Accounting,Year 11,Unit 1,VCEACU1AS1,Area of Study 1 - The role of accounting,Outcome 1,Activity,Bullet,"Guest speaker: Listen to an invited professional accountant, financial manager, or local business owner speaking to the class. Ask them to share their real-world insight into the accounting functions within a business and provide examples of the importance of accounting.",,,,2
Business and Economics,Accounting,Year 11,Unit 1,VCEACU1AS1,Area of Study 1 - The role of accounting,Outcome 1,Activity,Bullet,"Role-playing: Working in groups allocate each student a role within a group in a fictious business (e.g. owner, accountant, manager), then simulate scenarios that involve interacting and making decisions based on financial information.",,,,3
Business and Economics,Accounting,Year 11,Unit 1,VCEACU1AS1,Area of Study 1 - The role of accounting,Outcome 1,Activity,Bullet,"Financial statements analysis: Analyse financial statements from a company (e.g. balance sheet, income statement, cash flow statement). Discuss how each statement reflects the financial health and performance of the business.",,,,4
Business and Economics,Accounting,Year 11,Unit 1,VCEACU1AS1,Area of Study 1 - The role of accounting,Outcome 1,Activity,Bullet,"Interactive online modules: Using interactive online modules or tutorials that simulate business situations, make accounting-related decisions. Platforms such as Coursera, Khan Academy, or educational software specifically designed for accounting are all useful.",,,,5
Business and Economics,Accounting,Year 11,Unit 1,VCEACU1AS1,Area of Study 1 - The role of accounting,Outcome 1,Activity,Bullet,Industry research: Use teacher-assigned industries for research. Choose industries where accounting practices differ significantly (e.g. retail vs. manufacturing). Present findings on how accounting practices vary based on industry-specific needs and regulations.,,,,6
Business and Economics,Accounting,Year 11,Unit 1,VCEACU1AS1,Area of Study 1 - The role of accounting,Outcome 1,Activity,Bullet,Excursions or virtual tours: Visit a business in the local community to observe first-hand how accounting systems are implemented and used in real-world settings.,,,,7
Business and Economics,Accounting,Year 11,Unit 1,VCEACU1AS1,Area of Study 1 - The role of accounting,Outcome 1,Activity,Bullet,Conduct research on the ownership structure of a range of businesses. Describe the ownership structure of each one and explain the advantages and disadvantages of each structure identified.,,,,8
Business and Economics,Accounting,Year 11,Unit 1,VCEACU1AS1,Area of Study 1 - The role of accounting,Outcome 1,Activity,Bullet,"Prepare a visual representation depicting the accounting equation and the accounting elements it is comprised of (assets, liabilities, owner's equity, revenues and expenses).",,,,9
Business and Economics,Accounting,Year 11,Unit 1,VCEACU1AS1,Area of Study 1 - The role of accounting,Outcome 1,Activity,Bullet,"Select a business that has decided to make itself more environmentally, socially or ethically responsible. Examples include: adopting a method to recycle resources, reducing packaging, adopting the Fairtrade model or using only socially responsible suppliers. Research and critically analyse the impact of this decision on the business; i.e. on its reputation and financial performance. This activity could be done via an interview with a small business owner or by listening to a guest speaker address the class.",,,,10
Business and Economics,Accounting,Year 11,Unit 1,VCEACU1AS1,Area of Study 1 - The role of accounting,Outcome 1,Activity,Bullet,"Interview an accountant, a business advisor or a representative of a professional association. Prepare a presentation about the role of an accountant or financial advisor in a business enterprise.",,,,11
Business and Economics,Accounting,Year 11,Unit 1,VCEACU1AS1,Area of Study 1 - The role of accounting,Outcome 1,Activity,Bullet,Interview a business owner and discuss and determine the factors they consider when setting prices. Identify any ethical considerations involved in setting prices.,,,,12
Business and Economics,Accounting,Year 11,Unit 1,VCEACU1AS1,Area of Study 1 - The role of accounting,Outcome 1,Activity,Bullet,"Calculate a range of prices using different price-setting methods, such as recommended retail price, mark up and cost- volume- profit analysis",,,,13
Business and Economics,Accounting,Year 11,Unit 1,VCEACU1AS1,Area of Study 1 - The role of accounting,Outcome 1,Activity,Bullet,"Calculate the breakeven point for a product, and then explain the impact that a change in a range of fixed and variable costs could have on the final selling price. For example, how might switching to recyclable packaging, sourcing key ingredients from sustainable sources, and changing to fixed costs (such as rent) affect the final price?",,,,14
Business and Economics,Accounting,Year 11,Unit 1,VCEACU1AS1,Area of Study 1 - The role of accounting,Outcome 1,Activity,Bullet,Discuss the topic of ethical considerations when making decisions in relation to operating a business.,,,,15
Business and Economics,Accounting,Year 11,Unit 1,VCEACU1AS1,Area of Study 1 - The role of accounting,Outcome 1,DetailedExample,Paragraph,Visit a business in the local community,,,,16
Business and Economics,Accounting,Year 11,Unit 1,VCEACU1AS1,Area of Study 1 - The role of accounting,Outcome 1,DetailedExampleStep,Bullet,Identify suitable local businesses:,,,,17
Business and Economics,Accounting,Year 11,Unit 1,VCEACU1AS1,Area of Study 1 - The role of accounting,Outcome 1,DetailedExampleStep,Paragraph,"Research small businesses in your area that might be willing to accommodate student visits. Ideally, choose a business that connects with students' interests. Possibilities might include:",,,,18
Business and Economics,Accounting,Year 11,Unit 1,VCEACU1AS1,Area of Study 1 - The role of accounting,Outcome 1,DetailedExampleStep,Bullet,Beautician,"Research small businesses in your area that might be willing to accommodate student visits. Ideally, choose a business that connects with students' interests. Possibilities might include:",,,19
Business and Economics,Accounting,Year 11,Unit 1,VCEACU1AS1,Area of Study 1 - The role of accounting,Outcome 1,DetailedExampleStep,Bullet,Photographer,"Research small businesses in your area that might be willing to accommodate student visits. Ideally, choose a business that connects with students' interests. Possibilities might include:",,,20
Business and Economics,Accounting,Year 11,Unit 1,VCEACU1AS1,Area of Study 1 - The role of accounting,Outcome 1,DetailedExampleStep,Bullet,Giftware shop,"Research small businesses in your area that might be willing to accommodate student visits. Ideally, choose a business that connects with students' interests. Possibilities might include:",,,21
Business and Economics,Accounting,Year 11,Unit 1,VCEACU1AS1,Area of Study 1 - The role of accounting,Outcome 1,DetailedExampleStep,Bullet,Health food shop,"Research small businesses in your area that might be willing to accommodate student visits. Ideally, choose a business that connects with students' interests. Possibilities might include:",,,22
Business and Economics,Accounting,Year 11,Unit 1,VCEACU1AS1,Area of Study 1 - The role of accounting,Outcome 1,DetailedExampleStep,Bullet,Fitness or personal training.,"Research small businesses in your area that might be willing to accommodate student visits. Ideally, choose a business that connects with students' interests. Possibilities might include:",,,23
Business and Economics,Accounting,Year 11,Unit 1,VCEACU1AS1,Area of Study 1 - The role of accounting,Outcome 1,DetailedExampleStep,Bullet,Contact the business:,,,,24
Business and Economics,Accounting,Year 11,Unit 1,VCEACU1AS1,Area of Study 1 - The role of accounting,Outcome 1,DetailedExampleStep,Paragraph,"Reach out to the selected businesses via phone, email, or in person. Explain the purpose of the visit, the age group of the students, and the topics they are learning about in VCE Accounting. Ask if they are willing to host students for a visit.",,,,25
Business and Economics,Accounting,Year 11,Unit 1,VCEACU1AS1,Area of Study 1 - The role of accounting,Outcome 1,DetailedExampleStep,Bullet,Plan the visit date and time:,,,,26
Business and Economics,Accounting,Year 11,Unit 1,VCEACU1AS1,Area of Study 1 - The role of accounting,Outcome 1,DetailedExampleStep,Paragraph,Liaise with the business to schedule a date and time for the visit that works for both parties. Ensure it aligns with the students' school schedule. Organise transport if required. Complete the excursion paperwork.,,,,27
Business and Economics,Accounting,Year 11,Unit 1,VCEACU1AS1,Area of Study 1 - The role of accounting,Outcome 1,DetailedExampleStep,Bullet,Develop an itinerary:,,,,28
Business and Economics,Accounting,Year 11,Unit 1,VCEACU1AS1,Area of Study 1 - The role of accounting,Outcome 1,DetailedExampleStep,Paragraph,"Create a detailed itinerary for the visit, including activities the students will engage in and the topics that will be covered. Consider including a tour of the business premises, presentations by staff members about their roles and how accounting is used in their day-to-day operations, and Q&A sessions.",,,,29
Business and Economics,Accounting,Year 11,Unit 1,VCEACU1AS1,Area of Study 1 - The role of accounting,Outcome 1,DetailedExampleStep,Bullet,Prepare students:,,,,30
Business and Economics,Accounting,Year 11,Unit 1,VCEACU1AS1,Area of Study 1 - The role of accounting,Outcome 1,DetailedExampleStep,Paragraph,"Brief students about the purpose of the visit, the expectations for their behaviour, and discuss specific questions they may want to ask during the visit. Encourage them to research the business and prepare thoughtful inquiries.",,,,31
Business and Economics,Accounting,Year 11,Unit 1,VCEACU1AS1,Area of Study 1 - The role of accounting,Outcome 1,DetailedExampleStep,Bullet,Explain the assessment task connected to this excursion:,,,,32
Business and Economics,Accounting,Year 11,Unit 1,VCEACU1AS1,Area of Study 1 - The role of accounting,Outcome 1,DetailedExampleStep,Paragraph,Folio or digital presentation explaining what they have learned covering the key knowledge points of Outcome 1.,,,,33
Business and Economics,Accounting,Year 11,Unit 1,VCEACU1AS1,Area of Study 1 - The role of accounting,Outcome 1,DetailedExampleStep,Bullet,Follow-up:,,,,34
Business and Economics,Accounting,Year 11,Unit 1,VCEACU1AS1,Area of Study 1 - The role of accounting,Outcome 1,DetailedExampleStep,Paragraph,"After the excursion, debrief with students, discussing what they learned and any insights gained about accounting in small businesses.",,,,35
Business and Economics,Accounting,Year 11,Unit 1,VCEACU1AS1,Area of Study 1 - The role of accounting,Outcome 1,DetailedExampleStep,Paragraph,Students who are absent on the day of the excursion can research a business for their digital presentation assessment.,,,,36
Business and Economics,Accounting,Year 11,Unit 1,VCEACU1AS1,Area of Study 1 - The role of accounting,Outcome 1,DetailedExampleStep,Paragraph,"To assess the students' digital presentation covering the specified topics, create a rubric with criteria aligned with the key learning objectives. See below.",,,,37
Business and Economics,Accounting,Year 11,Unit 1,VCEACU1AS2,Area of Study 2 - Recording financial data and reporting accounting information for a service business,Outcome 2,Activity,Bullet,Complete a folio of Journal entry practice.,,,,1
Business and Economics,Accounting,Year 11,Unit 1,VCEACU1AS2,Area of Study 2 - Recording financial data and reporting accounting information for a service business,Outcome 2,Activity,Bullet,Use interactive games (AI or group) such as Zapitalism.,,,,2
Business and Economics,Accounting,Year 11,Unit 1,VCEACU1AS2,Area of Study 2 - Recording financial data and reporting accounting information for a service business,Outcome 2,Activity,Bullet,"Role-play scenarios where accounting is used; for example, use the game 'Monopoly' to record cash in a folio.",,,,3
Business and Economics,Accounting,Year 11,Unit 1,VCEACU1AS2,Area of Study 2 - Recording financial data and reporting accounting information for a service business,Outcome 2,Activity,Bullet,"In groups, complete projects to compile financial data, prepare financial statements, and create a presentation to explain the financial performance of a chosen company. This collaborative activity reinforces an understanding of accounting principles.",,,,4
Business and Economics,Accounting,Year 11,Unit 1,VCEACU1AS2,Area of Study 2 - Recording financial data and reporting accounting information for a service business,Outcome 2,Activity,Bullet,"Collect a range of documents used by a business to record financial transactions. Examine these, identify, describe and analyse the key data contained in each.",,,,5
Business and Economics,Accounting,Year 11,Unit 1,VCEACU1AS2,Area of Study 2 - Recording financial data and reporting accounting information for a service business,Outcome 2,Activity,Bullet,Record a range of financial transactions in the cash and credit journals for a business.,,,,6
Business and Economics,Accounting,Year 11,Unit 1,VCEACU1AS2,Area of Study 2 - Recording financial data and reporting accounting information for a service business,Outcome 2,Activity,Bullet,Describe the two-fold effect of a range of financial transactions.,,,,7
Business and Economics,Accounting,Year 11,Unit 1,VCEACU1AS2,Area of Study 2 - Recording financial data and reporting accounting information for a service business,Outcome 2,Activity,Bullet,"Using a spreadsheet, record transactions in journals and prepare financial reports.",,,,8
Business and Economics,Accounting,Year 11,Unit 1,VCEACU1AS2,Area of Study 2 - Recording financial data and reporting accounting information for a service business,Outcome 2,Activity,Bullet,"Design and run a small service business (as a class activity). Record transactions, manage supplies and then evaluate business performance.",,,,9
Business and Economics,Accounting,Year 11,Unit 1,VCEACU1AS2,Area of Study 2 - Recording financial data and reporting accounting information for a service business,Outcome 2,Activity,Bullet,"Create and maintain a glossary of appropriate accounting terms. Include the accounting assumptions, qualitative characteristics and types of documents used to record financial transactions by a business. This could be displayed prominently in the classroom.",,,,10
Business and Economics,Accounting,Year 11,Unit 1,VCEACU1AS2,Area of Study 2 - Recording financial data and reporting accounting information for a service business,Outcome 2,Activity,Bullet,Use a spreadsheet representing an Income Statement to model the effects of various business decisions on the accounting equation. Construct appropriate graphical representations of the data. Provide advice to the business owner about how the business is performing and areas of potential improvement.,,,,11
Business and Economics,Accounting,Year 11,Unit 1,VCEACU1AS2,Area of Study 2 - Recording financial data and reporting accounting information for a service business,Outcome 2,Activity,Bullet,Complete a series of exercises using financial and non-financial data and indicators of business performance to evaluate business performance.,,,,12
Business and Economics,Accounting,Year 11,Unit 1,VCEACU1AS2,Area of Study 2 - Recording financial data and reporting accounting information for a service business,Outcome 2,Activity,Bullet,Use a spreadsheet to prepare a cash flow statement and prepare appropriate graphs depicting indicators of business performance using data from the cash flow statement.,,,,13
Business and Economics,Accounting,Year 11,Unit 1,VCEACU1AS2,Area of Study 2 - Recording financial data and reporting accounting information for a service business,Outcome 2,Activity,Bullet,"Using the data provided in a spreadsheet for two businesses, design and prepare appropriate graphs. Compare the performance of the two businesses.",,,,14
Business and Economics,Accounting,Year 11,Unit 1,VCEACU1AS2,Area of Study 2 - Recording financial data and reporting accounting information for a service business,Outcome 2,Activity,Bullet,"Prepare a YouTube information clip about the Goods and Services Tax (GST). Explain what it is, how it works and how it is recorded within a business' financial records.",,,,15
Business and Economics,Accounting,Year 11,Unit 1,VCEACU1AS2,Area of Study 2 - Recording financial data and reporting accounting information for a service business,Outcome 2,Activity,Bullet,Use a spreadsheet to model how different strategies to improve business profitability might work. This should be based on a business scenario.,,,,16
Business and Economics,Accounting,Year 11,Unit 1,VCEACU1AS2,Area of Study 2 - Recording financial data and reporting accounting information for a service business,Outcome 2,Activity,Bullet,"Using provided financial reports, evaluate the performance of a business and provide appropriate advice to the business owner.",,,,17
Business and Economics,Accounting,Year 11,Unit 1,VCEACU1AS2,Area of Study 2 - Recording financial data and reporting accounting information for a service business,Outcome 2,Activity,Bullet,Use a case study to discuss the internal control procedures used to safeguard resources against theft and fraud. Discuss the ethical considerations a business owner should take into account when recording transactions.,,,,18
Business and Economics,Accounting,Year 11,Unit 1,VCEACU1AS2,Area of Study 2 - Recording financial data and reporting accounting information for a service business,Outcome 2,Activity,Bullet,Discuss the ethical considerations faced by business owners when recording and reporting transactions.,,,,19
Business and Economics,Accounting,Year 11,Unit 1,VCEACU1AS2,Area of Study 2 - Recording financial data and reporting accounting information for a service business,Outcome 2,DetailedExample,Paragraph,Role-play and folio completion using 'Monopoly',,,,20
Business and Economics,Accounting,Year 11,Unit 1,VCEACU1AS2,Area of Study 2 - Recording financial data and reporting accounting information for a service business,Outcome 2,DetailedExampleStep,Bullet,Get game - board game or interactive version - and place the board on a table with groups of up to 8 people.,,,,21
Business and Economics,Accounting,Year 11,Unit 1,VCEACU1AS2,Area of Study 2 - Recording financial data and reporting accounting information for a service business,Outcome 2,DetailedExampleStep,Bullet,Supply journal templates for Cash Receipt Journal and Cash Payments journal (link to template page).,,,,22
Business and Economics,Accounting,Year 11,Unit 1,VCEACU1AS2,Area of Study 2 - Recording financial data and reporting accounting information for a service business,Outcome 2,DetailedExampleStep,Bullet,"Players choose game pieces and start with a set amount of money - 500, 50; 6 each of 10, 1).",,,,23
Business and Economics,Accounting,Year 11,Unit 1,VCEACU1AS2,Area of Study 2 - Recording financial data and reporting accounting information for a service business,Outcome 2,DetailedExampleStep,Bullet,Roll dice to move around the board.,,,,24
Business and Economics,Accounting,Year 11,Unit 1,VCEACU1AS2,Area of Study 2 - Recording financial data and reporting accounting information for a service business,Outcome 2,DetailedExampleStep,Bullet,Land on unowned property to buy it or auction it.,,,,25
Business and Economics,Accounting,Year 11,Unit 1,VCEACU1AS2,Area of Study 2 - Recording financial data and reporting accounting information for a service business,Outcome 2,DetailedExampleStep,Bullet,Pay rent when landing on opponent-owned properties.,,,,26
Business and Economics,Accounting,Year 11,Unit 1,VCEACU1AS2,Area of Study 2 - Recording financial data and reporting accounting information for a service business,Outcome 2,DetailedExampleStep,Bullet,Collect rent when opponents land on your properties.,,,,27
Business and Economics,Accounting,Year 11,Unit 1,VCEACU1AS2,Area of Study 2 - Recording financial data and reporting accounting information for a service business,Outcome 2,DetailedExampleStep,Bullet,Build houses and hotels to increase rent.,,,,28
Business and Economics,Accounting,Year 11,Unit 1,VCEACU1AS2,Area of Study 2 - Recording financial data and reporting accounting information for a service business,Outcome 2,DetailedExampleStep,Bullet,"Jail: Go directly to jail, do not pass Go, do not collect $200, unless you roll doubles or use a ""Get Out of Jail Free"" card.",,,,29
Business and Economics,Accounting,Year 11,Unit 1,VCEACU1AS2,Area of Study 2 - Recording financial data and reporting accounting information for a service business,Outcome 2,DetailedExampleStep,Bullet,Chance and Community Chest cards provide opportunities or setbacks.,,,,30
Business and Economics,Accounting,Year 11,Unit 1,VCEACU1AS2,Area of Study 2 - Recording financial data and reporting accounting information for a service business,Outcome 2,DetailedExampleStep,Bullet,Income Tax and Luxury Tax are paid when landing on specific spaces.,,,,31
Business and Economics,Accounting,Year 11,Unit 1,VCEACU1AS2,Area of Study 2 - Recording financial data and reporting accounting information for a service business,Outcome 2,DetailedExampleStep,Bullet,Bankruptcy occurs when a player cannot afford to pay debts or expenses.,,,,32
Business and Economics,Accounting,Year 11,Unit 1,VCEACU1AS2,Area of Study 2 - Recording financial data and reporting accounting information for a service business,Outcome 2,DetailedExampleStep,Bullet,The last player remaining after bankrupting opponents wins the game.,,,,33
Business and Economics,Accounting,Year 11,Unit 1,VCEACU1AS2,Area of Study 2 - Recording financial data and reporting accounting information for a service business,Outcome 2,DetailedExampleStep,Bullet,Record all cash purchases in the Cash Payments Journal.,,,,34
Business and Economics,Accounting,Year 11,Unit 1,VCEACU1AS2,Area of Study 2 - Recording financial data and reporting accounting information for a service business,Outcome 2,DetailedExampleStep,Bullet,Record all cash received in the Cash Receipts Journal,,,,35
Business and Economics,Accounting,Year 11,Unit 1,VCEACU1AS2,Area of Study 2 - Recording financial data and reporting accounting information for a service business,Outcome 2,DetailedExampleStep,Bullet,Allow 20-30 minutes of game time in each class.,,,,36
Business and Economics,Accounting,Year 11,Unit 1,VCEACU1AS2,Area of Study 2 - Recording financial data and reporting accounting information for a service business,Outcome 2,DetailedExampleStep,Bullet,Allow 10-15 minutes at the end of each class to total the two journals:,,,,37
Business and Economics,Accounting,Year 11,Unit 1,VCEACU1AS2,Area of Study 2 - Recording financial data and reporting accounting information for a service business,Outcome 2,DetailedExampleStep,Bullet,Pretend each class is a week or month reporting period with the teacher guiding the dates changes throughout the class.,Allow 10-15 minutes at the end of each class to total the two journals:,,,38
Business and Economics,Accounting,Year 11,Unit 1,VCEACU1AS2,Area of Study 2 - Recording financial data and reporting accounting information for a service business,Outcome 2,DetailedExampleStep,Bullet,"At the end of each class, students must have the following:",,,,39
Business and Economics,Accounting,Year 11,Unit 1,VCEACU1AS2,Area of Study 2 - Recording financial data and reporting accounting information for a service business,Outcome 2,DetailedExampleStep,Bullet,Completed Cash Payments Journal and Cash Receipts Journal including the totals,"At the end of each class, students must have the following:",,,40
Business and Economics,Accounting,Year 11,Unit 1,VCEACU1AS2,Area of Study 2 - Recording financial data and reporting accounting information for a service business,Outcome 2,DetailedExampleStep,Bullet,Summary calculation of cash at bank in readiness for the next session,"At the end of each class, students must have the following:",,,41
Business and Economics,Accounting,Year 11,Unit 1,VCEACU1AS2,Area of Study 2 - Recording financial data and reporting accounting information for a service business,Outcome 2,DetailedExampleStep,Bullet,Cash at start + CRJ - CPJ,"At the end of each class, students must have the following:",,,42
Business and Economics,Accounting,Year 11,Unit 1,VCEACU1AS2,Area of Study 2 - Recording financial data and reporting accounting information for a service business,Outcome 2,DetailedExampleStep,Bullet,"Include this detail as part of the folio to be submitted: handwritten, excel templates, online through the school's intranet or digital suite.","At the end of each class, students must have the following:",,,43
Business and Economics,Accounting,Year 11,Unit 1,VCEACU1AS2,Area of Study 2 - Recording financial data and reporting accounting information for a service business,Outcome 2,DetailedExampleStep,Bullet,Repeat for 1-2 weeks of classes (approximately 200-300 minutes).,,,,44
Business and Economics,Accounting,Year 11,Unit 1,VCEACU1AS2,Area of Study 2 - Recording financial data and reporting accounting information for a service business,Outcome 2,DetailedExampleStep,Bullet,Final class submission of folio:,,,,45
Business and Economics,Accounting,Year 11,Unit 1,VCEACU1AS2,Area of Study 2 - Recording financial data and reporting accounting information for a service business,Outcome 2,DetailedExampleStep,Bullet,3-5 Cash Receipt and Cash Payment Journals,Final class submission of folio:,,,46
Business and Economics,Accounting,Year 11,Unit 1,VCEACU1AS2,Area of Study 2 - Recording financial data and reporting accounting information for a service business,Outcome 2,DetailedExampleStep,Bullet,3-5 summaries of cash balance.,Final class submission of folio:,,,47
Business and Economics,Accounting,Year 11,Unit 2,VCEACU2AS1,Area of Study 1 - Accounting for and managing inventory,Outcome 1,Activity,Bullet,"Simulation (an introductory activity): Using rewards (e.g. small lollies), work through a series of structured tasks designed to unpack terminology such as Inventory, Cost of Sales, Gross Profit, Inventory Loss/Inventory Gain.",,,,1
Business and Economics,Accounting,Year 11,Unit 2,VCEACU2AS1,Area of Study 1 - Accounting for and managing inventory,Outcome 1,Activity,Bullet,"Case studies: Examine case studies of selected businesses to learn how they do some or all of the following: recording and managing inventory, setting of re-order points, selection of suppliers, monitoring for fast- and slow-moving lines, tracking and reduction of inventory loss, storing and rotation of inventory, management of ethical issues. (Examples of suitable businesses include: IKEA, Lego (the toys that made us), Costco, JB HiFi.)",,,,2
Business and Economics,Accounting,Year 11,Unit 2,VCEACU2AS1,Area of Study 1 - Accounting for and managing inventory,Outcome 1,Activity,Bullet,"Modelling: Model the impact on costings and/or financial reports of different options, providing recommendations and advice; for example: consider whether to purchase inventory of different quality standards or from different locations; consider whether to purchase licensed inventory, create a new product line or use a different supplier; consider the costing of different options to improve inventory turnover.",,,,3
Business and Economics,Accounting,Year 11,Unit 2,VCEACU2AS1,Area of Study 1 - Accounting for and managing inventory,Outcome 1,Activity,Bullet,"Inventory card investigation: In order to develop a working knowledge of all aspects of accounting and to understand the links between inventory and other areas of the study, practise recording into an inventory card, as well as extracting and deciphering information. Use teacher-provided completed inventory cards and extract key information such as: Cash Sales, Credit Sales, Cost of Sales. Provide a written description of a transaction on a particular date and prepare inventory cards, an Income Statement as well as any relevant additional information.",,,,4
Business and Economics,Accounting,Year 11,Unit 2,VCEACU2AS1,Area of Study 1 - Accounting for and managing inventory,Outcome 1,Activity,Bullet,Complete a task related to a fictitious business that takes you through each stage of the recording and reporting process in order to develop an understanding of how financial data moves through the accounting system to ultimately inform decision-making.,,,,5
Business and Economics,Accounting,Year 11,Unit 2,VCEACU2AS1,Area of Study 1 - Accounting for and managing inventory,Outcome 1,Activity,Bullet,"Financial statement analysis: Use financial statements (e.g. balance sheet, income statement, cash flow statement) of a business. Discuss how each statement reflects the financial health and performance of the business and consider what could be done to improve inventory management and, therefore, the overall performance of the business.",,,,6
Business and Economics,Accounting,Year 11,Unit 2,VCEACU2AS1,Area of Study 1 - Accounting for and managing inventory,Outcome 1,Activity,Bullet,"Graphical representations: Use a teacher-provided graph depicting inventory turnover for a fictitious or real business and analyse the results, suggesting strategies for improvement. Note that with inventory turnover, higher change/trend is actually slower and a worsening of the outcome.",,,,7
Business and Economics,Accounting,Year 11,Unit 2,VCEACU2AS1,Area of Study 1 - Accounting for and managing inventory,Outcome 1,Activity,Bullet,"Guest speaker: Listen to an invited professional accountant, financial manager or local business owner speaking to the class (either in person or online). Ask them to share real-world examples and insights into how inventory is managed within a real business.",,,,8
Business and Economics,Accounting,Year 11,Unit 2,VCEACU2AS1,Area of Study 1 - Accounting for and managing inventory,Outcome 1,Activity,Bullet,Interactive online games: Use Tycoon-based games (such as Lemonade Tycoon) to experience a business simulation involving decision-making that directly impacts business growth and performance. Teachers should check with the school's digital technology team to ensure students can access this at school.,,,,9
Business and Economics,Accounting,Year 11,Unit 2,VCEACU2AS1,Area of Study 1 - Accounting for and managing inventory,Outcome 1,Activity,Bullet,Excursions or virtual tours: Visit a business in the local community to observe first-hand how accounting systems are used in real-world settings.,,,,10
Business and Economics,Accounting,Year 11,Unit 2,VCEACU2AS1,Area of Study 1 - Accounting for and managing inventory,Outcome 1,DetailedExample,Paragraph,Simulation Task - Tracking Inventory,,,,11
Business and Economics,Accounting,Year 11,Unit 2,VCEACU2AS1,Area of Study 1 - Accounting for and managing inventory,Outcome 1,DetailedExampleStep,Paragraph,Materials: Allocate each student one box of smarties and one piece of plain paper.,,,,12
Business and Economics,Accounting,Year 11,Unit 2,VCEACU2AS1,Area of Study 1 - Accounting for and managing inventory,Outcome 1,DetailedExampleStep,Paragraph,Task One:,,,,13
Business and Economics,Accounting,Year 11,Unit 2,VCEACU2AS1,Area of Study 1 - Accounting for and managing inventory,Outcome 1,DetailedExampleStep,Paragraph,Open Smarties now - Don't eat them yet!,,,,14
Business and Economics,Accounting,Year 11,Unit 2,VCEACU2AS1,Area of Study 1 - Accounting for and managing inventory,Outcome 1,DetailedExampleStep,Bullet,Assume that all Smarties are very rare and you can sell them for $500 each.,,,,15
Business and Economics,Accounting,Year 11,Unit 2,VCEACU2AS1,Area of Study 1 - Accounting for and managing inventory,Outcome 1,DetailedExampleStep,Paragraph,Complete the table below showing how much Revenue you will make if you sell the following quantities.,,,,16
Business and Economics,Accounting,Year 11,Unit 2,VCEACU2AS1,Area of Study 1 - Accounting for and managing inventory,Outcome 1,DetailedExampleStep,Bullet,Explain the relationship between the quantity sold and the revenue earned.,,,,17
Business and Economics,Accounting,Year 11,Unit 2,VCEACU2AS1,Area of Study 1 - Accounting for and managing inventory,Outcome 1,DetailedExampleStep,Bullet,Assume that each Smartie available for sale was purchased at a cost price of $300 and complete the table below showing the Cost of Sales given the following sales quantities.,,,,18
Business and Economics,Accounting,Year 11,Unit 2,VCEACU2AS1,Area of Study 1 - Accounting for and managing inventory,Outcome 1,DetailedExampleStep,Bullet,Explain the relationship between Cost of Sales and the quantity sold.,,,,19
Business and Economics,Accounting,Year 11,Unit 2,VCEACU2AS1,Area of Study 1 - Accounting for and managing inventory,Outcome 1,DetailedExampleStep,Bullet,Define the term Cost of Sales.,,,,20
Business and Economics,Accounting,Year 11,Unit 2,VCEACU2AS1,Area of Study 1 - Accounting for and managing inventory,Outcome 1,DetailedExampleStep,Bullet,"When selling inventory, it is important to sell an item for more than was paid for it. Define the term Gross Profit.",,,,21
Business and Economics,Accounting,Year 11,Unit 2,VCEACU2AS1,Area of Study 1 - Accounting for and managing inventory,Outcome 1,DetailedExampleStep,Bullet,Complete the table below showing the Gross Profit earned if the following quantities are sold. (Continue to assume that each Smartie is sold for 300.),,,,22
Business and Economics,Accounting,Year 11,Unit 2,VCEACU2AS1,Area of Study 1 - Accounting for and managing inventory,Outcome 1,DetailedExampleStep,Bullet,"The cost of sales is only one expense a business must pay. Using the expenses shown below, complete the Income Statement in the space provided, assuming that you sell all of your Smarties.",,,,23
Business and Economics,Accounting,Year 11,Unit 2,VCEACU2AS1,Area of Study 1 - Accounting for and managing inventory,Outcome 1,DetailedExampleStep,Bullet,"With reference to one qualitative characteristic, justify the inclusion of the delivery expenses in the Income Statement.",,,,24
Business and Economics,Accounting,Year 11,Unit 2,VCEACU2AS1,Area of Study 1 - Accounting for and managing inventory,Outcome 1,DetailedExampleStep,Paragraph,Qualitative Characteristic:,,,,25
Business and Economics,Accounting,Year 11,Unit 2,VCEACU2AS1,Area of Study 1 - Accounting for and managing inventory,Outcome 1,DetailedExampleStep,Paragraph,Explanation:,,,,26
Business and Economics,Accounting,Year 11,Unit 2,VCEACU2AS1,Area of Study 1 - Accounting for and managing inventory,Outcome 1,DetailedExampleStep,Paragraph,Task Two:,,,,27
Business and Economics,Accounting,Year 11,Unit 2,VCEACU2AS1,Area of Study 1 - Accounting for and managing inventory,Outcome 1,DetailedExampleStep,Paragraph,"In the competitive global market, demand for Smarties varies considerably. Customer demands for different colours vary according to fashions and trends of the season. You have set the following prices for the coming months.",,,,28
Business and Economics,Accounting,Year 11,Unit 2,VCEACU2AS1,Area of Study 1 - Accounting for and managing inventory,Outcome 1,DetailedExampleStep,Bullet,"Complete the table, showing the Gross Profit per item for each colour sold.",,,,29
Business and Economics,Accounting,Year 11,Unit 2,VCEACU2AS1,Area of Study 1 - Accounting for and managing inventory,Outcome 1,DetailedExampleStep,Bullet,"Using the packet of Smarties, calculate the following assuming that all of your smarties are sold.",,,,30
Business and Economics,Accounting,Year 11,Unit 2,VCEACU2AS1,Area of Study 1 - Accounting for and managing inventory,Outcome 1,DetailedExampleStep,Bullet,Complete the Income Statement below using the information you calculated above.,,,,31
Business and Economics,Accounting,Year 11,Unit 2,VCEACU2AS1,Area of Study 1 - Accounting for and managing inventory,Outcome 1,DetailedExampleStep,Paragraph,Smartie Shop,,,,32
Business and Economics,Accounting,Year 11,Unit 2,VCEACU2AS1,Area of Study 1 - Accounting for and managing inventory,Outcome 1,DetailedExampleStep,Paragraph,Income Statement for the month ended 30 June 2029,,,,33
Business and Economics,Accounting,Year 11,Unit 2,VCEACU2AS1,Area of Study 1 - Accounting for and managing inventory,Outcome 1,DetailedExample,Paragraph,The recording and reporting process - Toy Mania,,,,34
Business and Economics,Accounting,Year 11,Unit 2,VCEACU2AS1,Area of Study 1 - Accounting for and managing inventory,Outcome 1,DetailedExampleStep,Paragraph,Background information:,,,,35
Business and Economics,Accounting,Year 11,Unit 2,VCEACU2AS1,Area of Study 1 - Accounting for and managing inventory,Outcome 1,DetailedExampleStep,Paragraph,"Yash owns a toy warehouse in Keilor Downs. He sells a wide range of the latest toys and games. He is hoping that his business will see a big increase in sales over the next few weeks when a new toy-related movie will be released. In anticipation of this, Yash has purchased the full range of movie-related toys.",,,,36
Business and Economics,Accounting,Year 11,Unit 2,VCEACU2AS1,Area of Study 1 - Accounting for and managing inventory,Outcome 1,DetailedExampleStep,Paragraph,Required actions:,,,,37
Business and Economics,Accounting,Year 11,Unit 2,VCEACU2AS1,Area of Study 1 - Accounting for and managing inventory,Outcome 1,DetailedExampleStep,Bullet,Record the following transactions in the inventory cards provided for two of the items related to the movie.,,,,38
Business and Economics,Accounting,Year 11,Unit 2,VCEACU2AS1,Area of Study 1 - Accounting for and managing inventory,Outcome 1,DetailedExampleStep,Bullet,Complete the questions listed below the inventory cards.,,,,39
Business and Economics,Accounting,Year 11,Unit 2,VCEACU2AS1,Area of Study 1 - Accounting for and managing inventory,Outcome 1,DetailedExampleStep,Paragraph,"At the beginning of July 2029, the following items were on hand:",,,,40
Business and Economics,Accounting,Year 11,Unit 2,VCEACU2AS1,Area of Study 1 - Accounting for and managing inventory,Outcome 1,DetailedExampleStep,Paragraph,Transactions:,,,,41
Business and Economics,Accounting,Year 11,Unit 2,VCEACU2AS1,Area of Study 1 - Accounting for and managing inventory,Outcome 1,DetailedExampleStep,Paragraph,"Heading 'Transaction table' with a list of transactions for Movie Dolls and Board Games dated from July 2 to July 31. Two columns, 14 rows / transactions listed. Preceded by table listing items on hand and followed by 2 inventory cards for Movie Dills and Board Games.",,,,42
Business and Economics,Accounting,Year 11,Unit 2,VCEACU2AS1,Area of Study 1 - Accounting for and managing inventory,Outcome 1,DetailedExampleStep,Paragraph,Please complete the questions below:,,,,43
Business and Economics,Accounting,Year 11,Unit 2,VCEACU2AS1,Area of Study 1 - Accounting for and managing inventory,Outcome 1,DetailedExampleStep,Bullet,Calculate the Sales Revenue for each item of inventory using the inventory cards above.,,,,44
Business and Economics,Accounting,Year 11,Unit 2,VCEACU2AS1,Area of Study 1 - Accounting for and managing inventory,Outcome 1,DetailedExampleStep,Paragraph,"(Hint: look down the quantities in the Out column and add up all the sales, then multiply by the sale price supplied in the question.)",,,,45
Business and Economics,Accounting,Year 11,Unit 2,VCEACU2AS1,Area of Study 1 - Accounting for and managing inventory,Outcome 1,DetailedExampleStep,Bullet,"Calculate the Cost of Sales for each item of inventory, using the inventory cards above.",,,,46
Business and Economics,Accounting,Year 11,Unit 2,VCEACU2AS1,Area of Study 1 - Accounting for and managing inventory,Outcome 1,DetailedExampleStep,Paragraph,"(Hint: Using the out columns again, add up the amounts in the total column of the out columns for any sales, this will be the Cost of Sales. Beware of any memos - they are not sales and shouldn't be included. They are usually drawings, or stock losses or gains)",,,,47
Business and Economics,Accounting,Year 11,Unit 2,VCEACU2AS1,Area of Study 1 - Accounting for and managing inventory,Outcome 1,DetailedExampleStep,Bullet,Calculate the Gross Profit for July for the two dolls.,,,,48
Business and Economics,Accounting,Year 11,Unit 2,VCEACU2AS1,Area of Study 1 - Accounting for and managing inventory,Outcome 1,DetailedExampleStep,Paragraph,(Hint: Gross Profit = Sales - Cost of Sales),,,,49
Business and Economics,Accounting,Year 11,Unit 2,VCEACU2AS1,Area of Study 1 - Accounting for and managing inventory,Outcome 1,DetailedExampleStep,Bullet,Calculate the overall inventory Loss/or Gain for July for the two dolls.,,,,50
Business and Economics,Accounting,Year 11,Unit 2,VCEACU2AS1,Area of Study 1 - Accounting for and managing inventory,Outcome 1,DetailedExampleStep,Bullet,Explain two possible reasons for any inventory loss.,,,,51
Business and Economics,Accounting,Year 11,Unit 2,VCEACU2AS1,Area of Study 1 - Accounting for and managing inventory,Outcome 1,DetailedExampleStep,Bullet,"Using the expenses listed below and the calculations completed above, prepare an Income Statement for Yash's Toy Warehouse for July 2029.",,,,52
Business and Economics,Accounting,Year 11,Unit 2,VCEACU2AS1,Area of Study 1 - Accounting for and managing inventory,Outcome 1,DetailedExampleStep,Paragraph,"Additional expenses: Advertising 2,400, Office Expenses 450, Bank Charges 1,900.",,,,53
Business and Economics,Accounting,Year 11,Unit 2,VCEACU2AS1,Area of Study 1 - Accounting for and managing inventory,Outcome 1,DetailedExampleStep,Paragraph,Yash's Toy Warehouse,,,,54
Business and Economics,Accounting,Year 11,Unit 2,VCEACU2AS1,Area of Study 1 - Accounting for and managing inventory,Outcome 1,DetailedExampleStep,Paragraph,Income statement for the two months ended 31 July 2029,,,,55
Business and Economics,Accounting,Year 11,Unit 2,VCEACU2AS1,Area of Study 1 - Accounting for and managing inventory,Outcome 1,DetailedExampleStep,Bullet,Explain two disadvantages of holding excess inventory.,,,,56
Business and Economics,Accounting,Year 11,Unit 2,VCEACU2AS1,Area of Study 1 - Accounting for and managing inventory,Outcome 1,DetailedExampleStep,Bullet,"During the period, Yash withdrew some inventory from the business. With reference to one accounting principle, explain how you would treat (report) this.",,,,57
Business and Economics,Accounting,Year 11,Unit 2,VCEACU2AS1,Area of Study 1 - Accounting for and managing inventory,Outcome 1,DetailedExampleStep,Paragraph,Accounting Assumption:,,,,58
Business and Economics,Accounting,Year 11,Unit 2,VCEACU2AS1,Area of Study 1 - Accounting for and managing inventory,Outcome 1,DetailedExampleStep,Paragraph,Explanation:,,,,59
Business and Economics,Accounting,Year 11,Unit 2,VCEACU2AS2,Area of Study 2 - Accounting for and managing accounts receivable and accounts payable,Outcome 2,Activity,Bullet,"Case studies: Examine different businesses as case studies, look specifically at provide examples of how each does some or all of the following: recording and management of accounts receivable and accounts payable, decisions about whether to offer credit, the following up of accounts receivable, management of ethical issues. Note that publicly available case studies often focus on large-scale businesses with a variety of ownership structures; however, smaller businesses and sole proprietors are possibly more suitable for this activity",,,,1
Business and Economics,Accounting,Year 11,Unit 2,VCEACU2AS2,Area of Study 2 - Accounting for and managing accounts receivable and accounts payable,Outcome 2,Activity,Bullet,Modelling: Model the impact on costings and/or financial reports of different options; then provide recommendations and advice. Examples include: consideration of the purchase of supplies whether of different quality levels or from different locations or suppliers; assessment of the social and environmental effects of different models or options; decisions about how credit might be offered and to whom. Modelling options to replace ageing assets or move to a different option; for example: should the business replace a delivery van or should they use a delivery company? Should they buy a warehouse and move their business online or keep the shop they own?,,,,2
Business and Economics,Accounting,Year 11,Unit 2,VCEACU2AS2,Area of Study 2 - Accounting for and managing accounts receivable and accounts payable,Outcome 2,Activity,Bullet,"Consider the cash cycle: Complete a task following the cash cycle of a business to develop an understanding of how inventory turnover, accounts receivable turnover and accounts payable turnover all impact the cash flow of a business.",,,,3
Business and Economics,Accounting,Year 11,Unit 2,VCEACU2AS2,Area of Study 2 - Accounting for and managing accounts receivable and accounts payable,Outcome 2,Activity,Bullet,"Financial statement analysis: Examine financial statements (e.g. balance sheet, income statement, cash flow statement) from a fictitious or real business. Discuss how each statement reflects the financial health and performance of the business. Then consider what could be done to improve either the accounts receivable or accounts payable management and, therefore, the overall performance of the business.",,,,4
Business and Economics,Accounting,Year 11,Unit 2,VCEACU2AS2,Area of Study 2 - Accounting for and managing accounts receivable and accounts payable,Outcome 2,Activity,Bullet,"Graphical representations: Unpack a graphical representation for items such as accounts receivable turnover, accounts payable turnover, credit sales.",,,,5
Business and Economics,Accounting,Year 11,Unit 2,VCEACU2AS2,Area of Study 2 - Accounting for and managing accounts receivable and accounts payable,Outcome 2,Activity,Bullet,"Revision task: Use teacher-provided pieces of paper that represent the key elements of financial reports, reconstructing them into two reports: an Income Statement and a Balance Sheet.",,,,6
Business and Economics,Accounting,Year 11,Unit 2,VCEACU2AS2,Area of Study 2 - Accounting for and managing accounts receivable and accounts payable,Outcome 2,Activity,Bullet,"Guest speaker: Listen to an invited professional accountant, financial manager or local business owner (even the school business manager) speaking to the class (either in person or online). Ask them to share real-world examples and insight into how accounts receivable and accounts payable are managed within a real busines",,,,7
Business and Economics,Accounting,Year 11,Unit 2,VCEACU2AS2,Area of Study 2 - Accounting for and managing accounts receivable and accounts payable,Outcome 2,DetailedExample,Paragraph,Understanding the cash cycle,,,,8
Business and Economics,Accounting,Year 11,Unit 2,VCEACU2AS2,Area of Study 2 - Accounting for and managing accounts receivable and accounts payable,Outcome 2,DetailedExampleStep,Paragraph,Follow the instructions below to practise accounting for and managing non-current assets:,,,,9
Business and Economics,Accounting,Year 11,Unit 2,VCEACU2AS2,Area of Study 2 - Accounting for and managing accounts receivable and accounts payable,Outcome 2,DetailedExampleStep,Bullet,"Using the cards below, lay out the cash cycle of the business.",,,,10
Business and Economics,Accounting,Year 11,Unit 2,VCEACU2AS2,Area of Study 2 - Accounting for and managing accounts receivable and accounts payable,Outcome 2,DetailedExampleStep,Bullet,Answer the questions on each card.,,,,11
Business and Economics,Accounting,Year 11,Unit 2,VCEACU2AS2,Area of Study 2 - Accounting for and managing accounts receivable and accounts payable,Outcome 2,DetailedExampleStep,Bullet,Provide a detailed discussion of the cash cycle.,,,,12
Business and Economics,Accounting,Year 11,Unit 2,VCEACU2AS2,Area of Study 2 - Accounting for and managing accounts receivable and accounts payable,Outcome 2,DetailedExampleStep,Bullet,Suggest strategies to improve the cash cycle of the business.,,,,13
Business and Economics,Accounting,Year 11,Unit 2,VCEACU2AS2,Area of Study 2 - Accounting for and managing accounts receivable and accounts payable,Outcome 2,DetailedExampleStep,Paragraph,Nine cards depicted with the following nine headings on one of each. Each card have other individual information,,,,14
Business and Economics,Accounting,Year 11,Unit 2,VCEACU2AS2,Area of Study 2 - Accounting for and managing accounts receivable and accounts payable,Outcome 2,DetailedExampleStep,Bullet,Purchase Inventory on Credit,,,,15
Business and Economics,Accounting,Year 11,Unit 2,VCEACU2AS2,Area of Study 2 - Accounting for and managing accounts receivable and accounts payable,Outcome 2,DetailedExampleStep,Bullet,Cash Sales,,,,16
Business and Economics,Accounting,Year 11,Unit 2,VCEACU2AS2,Area of Study 2 - Accounting for and managing accounts receivable and accounts payable,Outcome 2,DetailedExampleStep,Bullet,Accounts Payable Turnover,,,,17
Business and Economics,Accounting,Year 11,Unit 2,VCEACU2AS2,Area of Study 2 - Accounting for and managing accounts receivable and accounts payable,Outcome 2,DetailedExampleStep,Bullet,Pay Accounts Payable,,,,18
Business and Economics,Accounting,Year 11,Unit 2,VCEACU2AS2,Area of Study 2 - Accounting for and managing accounts receivable and accounts payable,Outcome 2,DetailedExampleStep,Bullet,Purchase inventory for cash,,,,19
Business and Economics,Accounting,Year 11,Unit 2,VCEACU2AS2,Area of Study 2 - Accounting for and managing accounts receivable and accounts payable,Outcome 2,DetailedExampleStep,Bullet,Inventory turnover 45 days,,,,20
Business and Economics,Accounting,Year 11,Unit 2,VCEACU2AS2,Area of Study 2 - Accounting for and managing accounts receivable and accounts payable,Outcome 2,DetailedExampleStep,Bullet,Credit sales,,,,21
Business and Economics,Accounting,Year 11,Unit 2,VCEACU2AS2,Area of Study 2 - Accounting for and managing accounts receivable and accounts payable,Outcome 2,DetailedExampleStep,Bullet,Accounts receivable turnover,,,,22
Business and Economics,Accounting,Year 11,Unit 2,VCEACU2AS2,Area of Study 2 - Accounting for and managing accounts receivable and accounts payable,Outcome 2,DetailedExampleStep,Bullet,Receipts from Accounts receivable,,,,23
Business and Economics,Accounting,Year 11,Unit 2,VCEACU2AS2,Area of Study 2 - Accounting for and managing accounts receivable and accounts payable,Outcome 2,DetailedExample,Paragraph,Team Challenge,,,,24
Business and Economics,Accounting,Year 11,Unit 2,VCEACU2AS2,Area of Study 2 - Accounting for and managing accounts receivable and accounts payable,Outcome 2,DetailedExampleStep,Paragraph,"Using the information below, prepare an Income Statement and Balance Sheet for the business. Cut out the items (made from magnetic or poster paper) and arrange them into the two reports. Use the blank ones for your key headings in the reports.",,,,25
Business and Economics,Accounting,Year 11,Unit 2,VCEACU2AS2,Area of Study 2 - Accounting for and managing accounts receivable and accounts payable,Outcome 2,DetailedExampleStep,Paragraph,Nguyen's Designs,,,,26
Business and Economics,Accounting,Year 11,Unit 2,VCEACU2AS3,Area of Study 3 - Accounting for and managing non-current assets,Outcome 3,Activity,Bullet,"Case studies: Examine teacher-provided case studies of businesses with examples of how they conduct the following: record and manage non-current assets, predict useful life and residual value, track and minimise asset loss, maintain non-current assets over time and plan for their replacement, investigate and manage ethical issues.",,,,1
Business and Economics,Accounting,Year 11,Unit 2,VCEACU2AS3,Area of Study 3 - Accounting for and managing non-current assets,Outcome 3,Activity,Bullet,"Modelling: Model the impact on costings and/or financial reports of different options and then provide recommendations and advice. This might include consideration regarding purchase of non-current assets of different quality standards or from different locations or suppliers, consideration of the social and environmental impacts of different models/options. Also, the valuation of non-current assets and the financing of their replacements. Model options to replace ageing assets or move to a different option; for example, should a business replace a delivery van or should they use a delivery company? Should they buy a warehouse and move their business online or keep the shop they own?",,,,2
Business and Economics,Accounting,Year 11,Unit 2,VCEACU2AS3,Area of Study 3 - Accounting for and managing non-current assets,Outcome 3,Activity,Bullet,"Accounting for non current assets: Complete the worksheet, including the worked example below in class. (Detailed example 1)",,,,3
Business and Economics,Accounting,Year 11,Unit 2,VCEACU2AS3,Area of Study 3 - Accounting for and managing non-current assets,Outcome 3,Activity,Bullet,Work through each stage of the recording and reporting process to demonstrate how financial data moves through the accounting system and ultimately informs decision-making.,,,,4
Business and Economics,Accounting,Year 11,Unit 2,VCEACU2AS3,Area of Study 3 - Accounting for and managing non-current assets,Outcome 3,Activity,Bullet,"Financial statement analysis: Using teacher-provided financial statements (e.g. balance sheet, income statement, cash flow statement) from a fictitious business, discuss how each statement reflects the financial health and performance of a business. Then, consider what might be done to improve non-current asset management and therefore overall business performance.",,,,5
Business and Economics,Accounting,Year 11,Unit 2,VCEACU2AS3,Area of Study 3 - Accounting for and managing non-current assets,Outcome 3,Activity,Bullet,Graphical representations: Unpack a graphical representation of depreciation over time and label key points and other relevant items.,,,,6
Business and Economics,Accounting,Year 11,Unit 2,VCEACU2AS3,Area of Study 3 - Accounting for and managing non-current assets,Outcome 3,Activity,Bullet,"Guest Speaker: Invite a professional accountant, financial manager or local business owner to speak to the class (either in person or online). Ask them to share real-world examples and insights into how non-current assets are managed within a real business.",,,,7
Business and Economics,Accounting,Year 11,Unit 2,VCEACU2AS3,Area of Study 3 - Accounting for and managing non-current assets,Outcome 3,Activity,Bullet,"Excursions or virtual tours: Visit a business in the local community and observe / note the different types of non-current assets the business has. Discuss how the business maintains these, and then measure the contribution of each non-current asset to the revenue capacity of the business.",,,,8
Business and Economics,Accounting,Year 11,Unit 2,VCEACU2AS3,Area of Study 3 - Accounting for and managing non-current assets,Outcome 3,DetailedExample,Paragraph,Accounting for Non-Current Assets,,,,9
Business and Economics,Accounting,Year 11,Unit 2,VCEACU2AS3,Area of Study 3 - Accounting for and managing non-current assets,Outcome 3,DetailedExampleStep,Bullet,Define a Non-Current Asset.,,,,10
Business and Economics,Accounting,Year 11,Unit 2,VCEACU2AS3,Area of Study 3 - Accounting for and managing non-current assets,Outcome 3,DetailedExampleStep,Paragraph,Examples,,,,11
Business and Economics,Accounting,Year 11,Unit 2,VCEACU2AS3,Area of Study 3 - Accounting for and managing non-current assets,Outcome 3,DetailedExampleStep,Paragraph,"Distinguish Between Historical Cost, Fair Value and Market Value",,,,12
Business and Economics,Accounting,Year 11,Unit 2,VCEACU2AS3,Area of Study 3 - Accounting for and managing non-current assets,Outcome 3,DetailedExampleStep,Bullet,"Do assets change value over time? If so, how do we record this?",,,,13
Business and Economics,Accounting,Year 11,Unit 2,VCEACU2AS3,Area of Study 3 - Accounting for and managing non-current assets,Outcome 3,DetailedExampleStep,Bullet,Ethical Considerations and Non-Current Assets,,,,14
Business and Economics,Accounting,Year 11,Unit 2,VCEACU2AS3,Area of Study 3 - Accounting for and managing non-current assets,Outcome 3,DetailedExampleStep,Bullet,What is depreciation?,,,,15
Business and Economics,Accounting,Year 11,Unit 2,VCEACU2AS3,Area of Study 3 - Accounting for and managing non-current assets,Outcome 3,DetailedExampleStep,Bullet,Why depreciate?,,,,16
Business and Economics,Accounting,Year 11,Unit 2,VCEACU2AS3,Area of Study 3 - Accounting for and managing non-current assets,Outcome 3,DetailedExampleStep,Bullet,Worked example:,,,,17
Business and Economics,Accounting,Year 11,Unit 2,VCEACU2AS3,Area of Study 3 - Accounting for and managing non-current assets,Outcome 3,DetailedExampleStep,Paragraph,A local hardware store purchased a van costing 3 000 plus GST) and window tinting (890 plus GST per annum) and roadside assistance for the first 12 months (10 000.,,,,18
Business and Economics,Accounting,Year 11,Unit 2,VCEACU2AS3,Area of Study 3 - Accounting for and managing non-current assets,Outcome 3,DetailedExampleStep,Paragraph,Watch out!,,,,19
Business and Economics,Accounting,Year 11,Unit 2,VCEACU2AS3,Area of Study 3 - Accounting for and managing non-current assets,Outcome 3,DetailedExampleStep,Bullet,Always check dates carefully when doing these questions.,,,,20
Business and Economics,Accounting,Year 11,Unit 2,VCEACU2AS3,Area of Study 3 - Accounting for and managing non-current assets,Outcome 3,DetailedExampleStep,Bullet,Distinguish between costs that add to the historical cost and ongoing/running expenses.,,,,21
Business and Economics,Accounting,Year 12,Unit 3,VCEACU3AS1,Area of Study 1 - Recording and analysing financial data,Outcome 1,Activity,Bullet,"Using ICT, create a document to illustrate examples of the different documents used by a business when recording financial data. Identify and explain the transaction involved with each document and record this information on the table.",,,,1
Business and Economics,Accounting,Year 12,Unit 3,VCEACU3AS1,Area of Study 1 - Recording and analysing financial data,Outcome 1,Activity,Bullet,"Create separate cards with the names, definitions and scenarios relating to the accounting assumptions, qualitative characteristics and accounting elements. Have students match terms to a correct definition and/or examples of each.",,,,2
Business and Economics,Accounting,Year 12,Unit 3,VCEACU3AS1,Area of Study 1 - Recording and analysing financial data,Outcome 1,Activity,Bullet,"Design and create a bookmark depicting the accounting assumptions, qualitative characteristics and accounting element definitions.",,,,3
Business and Economics,Accounting,Year 12,Unit 3,VCEACU3AS1,Area of Study 1 - Recording and analysing financial data,Outcome 1,Activity,Bullet,Construct a table using General Ledger accounts to describe accounting information.,,,,4
Business and Economics,Accounting,Year 12,Unit 3,VCEACU3AS1,Area of Study 1 - Recording and analysing financial data,Outcome 1,Activity,Bullet,"Using blank templates of an inventory card on a washable surface (laminated sheets of A4 paper) or mini whiteboards, practise recording different transactions related to inventory cards, using FIFO and the Identified Cost methods. Then discuss and evaluate the different cost methods.",,,,5
Business and Economics,Accounting,Year 12,Unit 3,VCEACU3AS1,Area of Study 1 - Recording and analysing financial data,Outcome 1,Activity,Bullet,Construct a table showing the effect of transactions on the accounting equation.,,,,6
Business and Economics,Accounting,Year 12,Unit 3,VCEACU3AS1,Area of Study 1 - Recording and analysing financial data,Outcome 1,Activity,Bullet,"Using a small hypothetical scenario, work in pairs to record data into a spreadsheet, and then produce two relevant graphical representations of the data.",,,,7
Business and Economics,Accounting,Year 12,Unit 3,VCEACU3AS1,Area of Study 1 - Recording and analysing financial data,Outcome 1,Activity,Bullet,Record financial data into General journal and General Ledger,,,,8
Business and Economics,Accounting,Year 12,Unit 3,VCEACU3AS1,Area of Study 1 - Recording and analysing financial data,Outcome 1,Activity,Bullet,"Visit a retail store to review lines of inventory to determine product costing and net realisable value. Identify items that are provided free with purchases, as well as inventory items where prices have been marked down. Discuss the reasons why retail stores have made such decisions around inventory.",,,,9
Business and Economics,Accounting,Year 12,Unit 3,VCEACU3AS1,Area of Study 1 - Recording and analysing financial data,Outcome 1,Activity,Bullet,Visit a range of retail stores and identify the internal controls used by the trading businesses. Explain why the business would use those internal controls and identify the strengths and weaknesses of the internal controls.,,,,10
Business and Economics,Accounting,Year 12,Unit 3,VCEACU3AS1,Area of Study 1 - Recording and analysing financial data,Outcome 1,Activity,Bullet,"Using the internet, research similar lines of inventory that can be purchased from different suppliers. Discuss ethical considerations involved in selecting inventory for different types of trading businesses.( detailed example 4)",,,,11
Business and Economics,Accounting,Year 12,Unit 3,VCEACU3AS1,Area of Study 1 - Recording and analysing financial data,Outcome 1,Activity,Bullet,"Using ICT, model the impact of purchasing inventory from a range of suppliers, considering the impact of delivery costs and the inventory turnover of a trading business. Outline the costs and benefits of purchasing from each supplier.",,,,12
Business and Economics,Accounting,Year 12,Unit 3,VCEACU3AS1,Area of Study 1 - Recording and analysing financial data,Outcome 1,Activity,Bullet,"Complete activities related to General Ledger accounts. See Detailed examples 1a, 1b and 1c as illustration",,,,13
Business and Economics,Accounting,Year 12,Unit 3,VCEACU3AS1,Area of Study 1 - Recording and analysing financial data,Outcome 1,Activity,Bullet,Complete activities relating to recording and reporting of financial information,,,,14
Business and Economics,Accounting,Year 12,Unit 3,VCEACU3AS1,Area of Study 1 - Recording and analysing financial data,Outcome 1,Activity,Bullet,Discuss the ethical considerations involved in decisions made by owners of trading businesses.,,,,15
Business and Economics,Accounting,Year 12,Unit 3,VCEACU3AS1,Area of Study 1 - Recording and analysing financial data,Outcome 1,DetailedExample,Paragraph,Balancing assets in a general ledger,,,,16
Business and Economics,Accounting,Year 12,Unit 3,VCEACU3AS1,Area of Study 1 - Recording and analysing financial data,Outcome 1,DetailedExampleStep,Paragraph,Business scenario,,,,17
Business and Economics,Accounting,Year 12,Unit 3,VCEACU3AS1,Area of Study 1 - Recording and analysing financial data,Outcome 1,DetailedExampleStep,Paragraph,"Steve is the owner of Mocha Beans, a wholesaler selling coffee beans. Steve commenced operation using a single-entry accounting system but has since decided, on the recommendation of the business's accountant, that he should operate a double-entry system. The business sells inventory using a 100% markup.",,,,18
Business and Economics,Accounting,Year 12,Unit 3,VCEACU3AS1,Area of Study 1 - Recording and analysing financial data,Outcome 1,DetailedExampleStep,Paragraph,Suppliers' terms are n30 and customers are terms are n30.,,,,19
Business and Economics,Accounting,Year 12,Unit 3,VCEACU3AS1,Area of Study 1 - Recording and analysing financial data,Outcome 1,DetailedExampleStep,Paragraph,Mocha Beans,,,,20
Business and Economics,Accounting,Year 12,Unit 3,VCEACU3AS1,Area of Study 1 - Recording and analysing financial data,Outcome 1,DetailedExampleStep,Paragraph,The following transactions occurred during June 2029:,,,,21
Business and Economics,Accounting,Year 12,Unit 3,VCEACU3AS1,Area of Study 1 - Recording and analysing financial data,Outcome 1,DetailedExampleStep,Bullet,Explain the effect on the accounting equation of the transaction on 22 January 2029.,,,,22
Business and Economics,Accounting,Year 12,Unit 3,VCEACU3AS1,Area of Study 1 - Recording and analysing financial data,Outcome 1,DetailedExampleStep,Bullet,"Referring to an accounting element, explain how the bank balance would be classified on 31 December 2029.",,,,23
Business and Economics,Accounting,Year 12,Unit 3,VCEACU3AS1,Area of Study 1 - Recording and analysing financial data,Outcome 1,DetailedExampleStep,Bullet,Identify the source document that would be used to verify the entry on 7 January 2029.,,,,24
Business and Economics,Accounting,Year 12,Unit 3,VCEACU3AS1,Area of Study 1 - Recording and analysing financial data,Outcome 1,DetailedExampleStep,Bullet,"Referring to an accounting assumption, explain why the transaction on 29 January was recorded by the business.",,,,25
Business and Economics,Accounting,Year 12,Unit 3,VCEACU3AS1,Area of Study 1 - Recording and analysing financial data,Outcome 1,DetailedExample,Paragraph,Recording and reporting,,,,26
Business and Economics,Accounting,Year 12,Unit 3,VCEACU3AS1,Area of Study 1 - Recording and analysing financial data,Outcome 1,DetailedExampleStep,Paragraph,Business scenario,,,,27
Business and Economics,Accounting,Year 12,Unit 3,VCEACU3AS1,Area of Study 1 - Recording and analysing financial data,Outcome 1,DetailedExampleStep,Paragraph,"At 30 June 2029, the extract from the Trial Balance of Runners Planet showed the following:",,,,28
Business and Economics,Accounting,Year 12,Unit 3,VCEACU3AS1,Area of Study 1 - Recording and analysing financial data,Outcome 1,DetailedExampleStep,Paragraph,Runners Planet,,,,29
Business and Economics,Accounting,Year 12,Unit 3,VCEACU3AS1,Area of Study 1 - Recording and analysing financial data,Outcome 1,DetailedExampleStep,Paragraph,Trial Balance as at 30 June 2029,,,,30
Business and Economics,Accounting,Year 12,Unit 3,VCEACU3AS1,Area of Study 1 - Recording and analysing financial data,Outcome 1,DetailedExampleStep,Paragraph,Additional information,,,,31
Business and Economics,Accounting,Year 12,Unit 3,VCEACU3AS1,Area of Study 1 - Recording and analysing financial data,Outcome 1,DetailedExampleStep,Bullet,During the financial year ending 30 June 2029 the business made credit sales of 8 800 (including GST). Receipts from Accounts Receivable for June 2029 were $110 000.,,,,32
Business and Economics,Accounting,Year 12,Unit 3,VCEACU3AS1,Area of Study 1 - Recording and analysing financial data,Outcome 1,DetailedExampleStep,Bullet,"On 15 June 2029 the owner received a solicitor's letter informing him that their customer, Sprint, had been declared bankrupt and would not be able to pay any of the $11 000 they owed (Memo 4).",,,,33
Business and Economics,Accounting,Year 12,Unit 3,VCEACU3AS1,Area of Study 1 - Recording and analysing financial data,Outcome 1,DetailedExampleStep,Bullet,At 30 June 2029 the accountant estimated that 3% of Net credit sales were considered doubtful.,,,,34
Business and Economics,Accounting,Year 12,Unit 3,VCEACU3AS1,Area of Study 1 - Recording and analysing financial data,Outcome 1,DetailedExampleStep,Paragraph,Tasks,,,,35
Business and Economics,Accounting,Year 12,Unit 3,VCEACU3AS1,Area of Study 1 - Recording and analysing financial data,Outcome 1,DetailedExampleStep,Bullet,Record Memo 19 in the General Journal of Runners Planet.,,,,36
Business and Economics,Accounting,Year 12,Unit 3,VCEACU3AS1,Area of Study 1 - Recording and analysing financial data,Outcome 1,DetailedExampleStep,Bullet,Calculate Doubtful Debts for Paintworks for the year ended 30 June 2029.,,,,37
Business and Economics,Accounting,Year 12,Unit 3,VCEACU3AS1,Area of Study 1 - Recording and analysing financial data,Outcome 1,DetailedExampleStep,Bullet,Record the balance day adjustment for Bad Debts expense for June 2029 in the General Journal of Runners Planet. A narration is required.,,,,38
Business and Economics,Accounting,Year 12,Unit 3,VCEACU3AS1,Area of Study 1 - Recording and analysing financial data,Outcome 1,DetailedExampleStep,Bullet,Show how the Bad Debts and Allowance for Doubtful Debts accounts would appear in the General Ledger of Runners Planet as at 30 June 2029 after all closing and balancing entries had been recorded.,,,,39
Business and Economics,Accounting,Year 12,Unit 3,VCEACU3AS1,Area of Study 1 - Recording and analysing financial data,Outcome 1,DetailedExampleStep,Bullet,Show how the Accounts Receivable would be reported in the Balance Sheet of Runners Planet as at 30 June 2029.,,,,40
Business and Economics,Accounting,Year 12,Unit 3,VCEACU3AS2,Area of Study 2 - Preparing and interpreting accounting reports,Outcome 2,Activity,Bullet,"On a table constructed using ICT, depict examples of the different documents used when recording transactions and preparing, interpreting and analysing accounting reports, identify each document and explain the transaction involved.",,,,1
Business and Economics,Accounting,Year 12,Unit 3,VCEACU3AS2,Area of Study 2 - Preparing and interpreting accounting reports,Outcome 2,Activity,Bullet,Record the source documents provided into general ledger accounts.,,,,2
Business and Economics,Accounting,Year 12,Unit 3,VCEACU3AS2,Area of Study 2 - Preparing and interpreting accounting reports,Outcome 2,Activity,Bullet,"Using a teacher-provided Trial Balance, explain which accounting element it relates to. Include the definition of the element to support your response.",,,,3
Business and Economics,Accounting,Year 12,Unit 3,VCEACU3AS2,Area of Study 2 - Preparing and interpreting accounting reports,Outcome 2,Activity,Bullet,"On a table constructed using ICT, depict examples of the different documents used when recording transactions and preparing, interpreting and analysing accounting reports. Identify each document and explain the transaction involved.",,,,4
Business and Economics,Accounting,Year 12,Unit 3,VCEACU3AS2,Area of Study 2 - Preparing and interpreting accounting reports,Outcome 2,Activity,Bullet,"Become familiar with the rules of balancing assets, liabilities and owner's equity ledger accounts; then practise using these rules with a set of general ledger accounts. (Detailed example 1)",,,,5
Business and Economics,Accounting,Year 12,Unit 3,VCEACU3AS2,Area of Study 2 - Preparing and interpreting accounting reports,Outcome 2,Activity,Bullet,"Individually, suggest a transaction for a selected trading business. Record all the class's suggested transactions in a general journal and post to the general ledger. Use this information to prepare an Income Statement, Balance Sheet and Cash Flow Statement.",,,,6
Business and Economics,Accounting,Year 12,Unit 3,VCEACU3AS2,Area of Study 2 - Preparing and interpreting accounting reports,Outcome 2,Activity,Bullet,"Using a teacher-provided list of transactions, analyse the impact of each transaction on each of the accounting reports.",,,,7
Business and Economics,Accounting,Year 12,Unit 3,VCEACU3AS2,Area of Study 2 - Preparing and interpreting accounting reports,Outcome 2,Activity,Bullet,"Using magnetised items from a Cash Flow statement prepared by the teacher, restructure these on the board into a classified report, showing Operating, Investing and Financing Activities.",,,,8
Business and Economics,Accounting,Year 12,Unit 3,VCEACU3AS2,Area of Study 2 - Preparing and interpreting accounting reports,Outcome 2,Activity,Bullet,"Using a completed Income Statement prepared by the teacher, use a spreadsheet to prepare graphs demonstrating the breakdown of Gross Profit to Adjusted Gross Profit and Net profit.",,,,9
Business and Economics,Accounting,Year 12,Unit 3,VCEACU3AS2,Area of Study 2 - Preparing and interpreting accounting reports,Outcome 2,Activity,Bullet,"Analyse accounting reports for a business and explain decisions that could be made by business owners, taking into account relevant ethical considerations.",,,,10
Business and Economics,Accounting,Year 12,Unit 3,VCEACU3AS2,Area of Study 2 - Preparing and interpreting accounting reports,Outcome 2,Activity,Bullet,Using the provided example consider the Ethical considerations when recording and reporting (detailed example 2),,,,11
Business and Economics,Accounting,Year 12,Unit 3,VCEACU3AS2,Area of Study 2 - Preparing and interpreting accounting reports,Outcome 2,DetailedExample,Paragraph,Commencing entries and recording transactions for a business,,,,12
Business and Economics,Accounting,Year 12,Unit 3,VCEACU3AS2,Area of Study 2 - Preparing and interpreting accounting reports,Outcome 2,DetailedExampleStep,Paragraph,Business scenario,,,,13
Business and Economics,Accounting,Year 12,Unit 3,VCEACU3AS2,Area of Study 2 - Preparing and interpreting accounting reports,Outcome 2,DetailedExampleStep,Paragraph,"Steve is the owner of Mocha Beans, a wholesaler selling coffee beans. Steve commenced operation using a single-entry accounting system but has since decided, on the recommendation of the business's accountant, that he should operate a double-entry system. The business sells inventory using a 100% markup.",,,,14
Business and Economics,Accounting,Year 12,Unit 3,VCEACU3AS2,Area of Study 2 - Preparing and interpreting accounting reports,Outcome 2,DetailedExampleStep,Paragraph,Suppliers' terms are n30 and customers are terms are n30.,,,,15
Business and Economics,Accounting,Year 12,Unit 3,VCEACU3AS2,Area of Study 2 - Preparing and interpreting accounting reports,Outcome 2,DetailedExampleStep,Paragraph,"At 1 June 2029, Steve had the following assets and liabilities:",,,,16
Business and Economics,Accounting,Year 12,Unit 3,VCEACU3AS2,Area of Study 2 - Preparing and interpreting accounting reports,Outcome 2,DetailedExampleStep,Paragraph,Mocha Beans,,,,17
Business and Economics,Accounting,Year 12,Unit 3,VCEACU3AS2,Area of Study 2 - Preparing and interpreting accounting reports,Outcome 2,DetailedExampleStep,Bullet,Prepare the commencement entry on June 1 2029 in the General Journal of Mocha Beans,,,,18
Business and Economics,Accounting,Year 12,Unit 3,VCEACU3AS2,Area of Study 2 - Preparing and interpreting accounting reports,Outcome 2,DetailedExampleStep,Bullet,Record the transactions for Mocha Beans for June 2029,,,,19
Business and Economics,Accounting,Year 12,Unit 3,VCEACU3AS2,Area of Study 2 - Preparing and interpreting accounting reports,Outcome 2,DetailedExampleStep,Bullet,"Referring to an accounting assumption, explain why the transaction on 20 June 2029 was recorded",,,,20
Business and Economics,Accounting,Year 12,Unit 3,VCEACU3AS2,Area of Study 2 - Preparing and interpreting accounting reports,Outcome 2,DetailedExample,Paragraph,Ethical considerations when recording bad debts,,,,21
Business and Economics,Accounting,Year 12,Unit 3,VCEACU3AS2,Area of Study 2 - Preparing and interpreting accounting reports,Outcome 2,DetailedExampleStep,Paragraph,Business scenario,,,,22
Business and Economics,Accounting,Year 12,Unit 3,VCEACU3AS2,Area of Study 2 - Preparing and interpreting accounting reports,Outcome 2,DetailedExampleStep,Paragraph,"At 30 June 2029, the extract from the Trial Balance of Runners Planet showed the following:",,,,23
Business and Economics,Accounting,Year 12,Unit 3,VCEACU3AS2,Area of Study 2 - Preparing and interpreting accounting reports,Outcome 2,DetailedExampleStep,Paragraph,Runners Planet,,,,24
Business and Economics,Accounting,Year 12,Unit 3,VCEACU3AS2,Area of Study 2 - Preparing and interpreting accounting reports,Outcome 2,DetailedExampleStep,Paragraph,Trial Balance as at 30 June 2029,,,,25
Business and Economics,Accounting,Year 12,Unit 3,VCEACU3AS2,Area of Study 2 - Preparing and interpreting accounting reports,Outcome 2,DetailedExampleStep,Paragraph,Additional information,,,,26
Business and Economics,Accounting,Year 12,Unit 3,VCEACU3AS2,Area of Study 2 - Preparing and interpreting accounting reports,Outcome 2,DetailedExampleStep,Bullet,During the financial year ending 30 June 2029 the business made credit sales of 8 800 (including GST). Receipts from Accounts Receivable for June 2029 were $110 000.,,,,27
Business and Economics,Accounting,Year 12,Unit 3,VCEACU3AS2,Area of Study 2 - Preparing and interpreting accounting reports,Outcome 2,DetailedExampleStep,Bullet,"On 15 June 2029 the owner received a solicitor's letter informing him that their customer, Sprint, had been declared bankrupt and would not be able to pay any of the $11 000 they owed (Memo 4).",,,,28
Business and Economics,Accounting,Year 12,Unit 3,VCEACU3AS2,Area of Study 2 - Preparing and interpreting accounting reports,Outcome 2,DetailedExampleStep,Bullet,At 30 June 2029 the accountant estimated that 3% of Net credit sales were considered doubtful.,,,,29
Business and Economics,Accounting,Year 12,Unit 3,VCEACU3AS2,Area of Study 2 - Preparing and interpreting accounting reports,Outcome 2,DetailedExampleStep,Paragraph,Tasks,,,,30
Business and Economics,Accounting,Year 12,Unit 3,VCEACU3AS2,Area of Study 2 - Preparing and interpreting accounting reports,Outcome 2,DetailedExampleStep,Bullet,Record Memo 19 in the General Journal of Runners Planet.,,,,31
Business and Economics,Accounting,Year 12,Unit 3,VCEACU3AS2,Area of Study 2 - Preparing and interpreting accounting reports,Outcome 2,DetailedExampleStep,Bullet,Calculate Doubtful Debts for Paintworks for the year ended 30 June 2029.,,,,32
Business and Economics,Accounting,Year 12,Unit 3,VCEACU3AS2,Area of Study 2 - Preparing and interpreting accounting reports,Outcome 2,DetailedExampleStep,Bullet,Record the balance day adjustment for Bad Debts expense for June 2029 in the General Journal of Runners Planet. A narration is required.,,,,33
Business and Economics,Accounting,Year 12,Unit 3,VCEACU3AS2,Area of Study 2 - Preparing and interpreting accounting reports,Outcome 2,DetailedExampleStep,Bullet,Show how the Bad Debts and Allowance for Doubtful Debts accounts would appear in the General Ledger of Runners Planet as at 30 June 2029 after all closing and balancing entries had been recorded.,,,,34
Business and Economics,Accounting,Year 12,Unit 3,VCEACU3AS2,Area of Study 2 - Preparing and interpreting accounting reports,Outcome 2,DetailedExampleStep,Bullet,Show how the Accounts Receivable would be reported in the Balance Sheet of Runners Planet as at 30 June 2029.,,,,35
Business and Economics,Accounting,Year 12,Unit 4,VCEACU4AS1,Area of Study 1 - Extension of recording and reporting,Outcome 1,Activity,Bullet,"Using ICT, complete a survey including questions such as: If you have a part-time job when do you work and when do you get paid? When did the most recent electricity bill arrive at your home? Questions could also relate to car insurance and registration, as well as prepaid expenses, for example for mobile phones. After completing the survey, use the information gained to generate a discussion around cash versus profit, accrued wages and accrued expenses.",,,,1
Business and Economics,Accounting,Year 12,Unit 4,VCEACU4AS1,Area of Study 1 - Extension of recording and reporting,Outcome 1,Activity,Bullet,"Discuss financial decisions made when recording financial data and balance day adjustments, as well as reporting accounting information using an accrual-based system. Construct a mind map evaluating the ethical implications of these financial decisions.",,,,2
Business and Economics,Accounting,Year 12,Unit 4,VCEACU4AS1,Area of Study 1 - Extension of recording and reporting,Outcome 1,Activity,Bullet,Brainstorm ideas before designing a poster highlighting the different types of non-financial information that could be used in business decision-making.,,,,3
Business and Economics,Accounting,Year 12,Unit 4,VCEACU4AS1,Area of Study 1 - Extension of recording and reporting,Outcome 1,Activity,Bullet,"Using the internet, identify an asset that a business might purchase, including its delivery costs. Then prepare a spreadsheet to model the impacts of depreciation of the asset on the Income Statement and Balance Sheet of the business.",,,,4
Business and Economics,Accounting,Year 12,Unit 4,VCEACU4AS1,Area of Study 1 - Extension of recording and reporting,Outcome 1,Activity,Bullet,Discuss the impact of selecting a method of depreciation on the performance of a business over the life of the non-current asset.,,,,5
Business and Economics,Accounting,Year 12,Unit 4,VCEACU4AS1,Area of Study 1 - Extension of recording and reporting,Outcome 1,Activity,Bullet,Complete a Kahoot or other form of online quiz relating to determination of the cost price of a non-depreciable asset and balance day adjustments.,,,,6
Business and Economics,Accounting,Year 12,Unit 4,VCEACU4AS1,Area of Study 1 - Extension of recording and reporting,Outcome 1,Activity,Bullet,Record financial data into General Journal and General Ledger,,,,7
Business and Economics,Accounting,Year 12,Unit 4,VCEACU4AS1,Area of Study 1 - Extension of recording and reporting,Outcome 1,Activity,Bullet,Consider the impact of cash versus profit,,,,8
Business and Economics,Accounting,Year 12,Unit 4,VCEACU4AS1,Area of Study 1 - Extension of recording and reporting,Outcome 1,Activity,Bullet,Discuss and evaluate the ethical considerations relating to business decision-making and the recording and reporting of financial information.,,,,9
Business and Economics,Accounting,Year 12,Unit 4,VCEACU4AS1,Area of Study 1 - Extension of recording and reporting,Outcome 1,Activity,Bullet,Record a list of transactions in the General Journal and General Ledger for a business. Explain the impact of the transactions on accounting assumptions,,,,10
Business and Economics,Accounting,Year 12,Unit 4,VCEACU4AS1,Area of Study 1 - Extension of recording and reporting,Outcome 1,DetailedExample,Paragraph,Recording financial data into General Journal and General Ledger,,,,11
Business and Economics,Accounting,Year 12,Unit 4,VCEACU4AS1,Area of Study 1 - Extension of recording and reporting,Outcome 1,DetailedExampleStep,Paragraph,Countdown sells timing equipment to sporting clubs. The Split Stop Watch sells for $300 (plus GST). Each watch is sold using a 100% markup and reports on a monthly basis. The business applies the deposit as each is delivered.,,,,12
Business and Economics,Accounting,Year 12,Unit 4,VCEACU4AS1,Area of Study 1 - Extension of recording and reporting,Outcome 1,DetailedExampleStep,Paragraph,"Customers are offered credit terms of 2/7, n30 and Essendon Sports paid a deposit of $3 000 for 20 Split Stop Watches on 30 November 2029.",,,,13
Business and Economics,Accounting,Year 12,Unit 4,VCEACU4AS1,Area of Study 1 - Extension of recording and reporting,Outcome 1,DetailedExampleStep,Paragraph,The following transactions occurred during December 2029,,,,14
Business and Economics,Accounting,Year 12,Unit 4,VCEACU4AS1,Area of Study 1 - Extension of recording and reporting,Outcome 1,DetailedExampleStep,Bullet,Record the General Journal entries for the transactions provided.,,,,15
Business and Economics,Accounting,Year 12,Unit 4,VCEACU4AS1,Area of Study 1 - Extension of recording and reporting,Outcome 1,DetailedExampleStep,Paragraph,(Narrations are not required.),,,,16
Business and Economics,Accounting,Year 12,Unit 4,VCEACU4AS1,Area of Study 1 - Extension of recording and reporting,Outcome 1,DetailedExampleStep,Bullet,Record the entries required in the following General Ledger accounts for December 2029.,,,,17
Business and Economics,Accounting,Year 12,Unit 4,VCEACU4AS1,Area of Study 1 - Extension of recording and reporting,Outcome 1,DetailedExampleStep,Bullet,Account Receivable - Essendon Sports,Record the entries required in the following General Ledger accounts for December 2029.,,,18
Business and Economics,Accounting,Year 12,Unit 4,VCEACU4AS1,Area of Study 1 - Extension of recording and reporting,Outcome 1,DetailedExampleStep,Bullet,Bank,Record the entries required in the following General Ledger accounts for December 2029.,,,19
Business and Economics,Accounting,Year 12,Unit 4,VCEACU4AS1,Area of Study 1 - Extension of recording and reporting,Outcome 1,DetailedExampleStep,Bullet,"Referring to an accounting assumption, explain how the deposit would be reported by Countdown on 30 November 2029.",,,,20
Business and Economics,Accounting,Year 12,Unit 4,VCEACU4AS1,Area of Study 1 - Extension of recording and reporting,Outcome 1,DetailedExample,Paragraph,Recognising the impact of cash versus profit,,,,21
Business and Economics,Accounting,Year 12,Unit 4,VCEACU4AS1,Area of Study 1 - Extension of recording and reporting,Outcome 1,DetailedExampleStep,Paragraph,Clean Sweep sells cleaning products. The business reports on a quarterly basis and pays rent six-months in advance.,,,,22
Business and Economics,Accounting,Year 12,Unit 4,VCEACU4AS1,Area of Study 1 - Extension of recording and reporting,Outcome 1,DetailedExampleStep,Paragraph,"On 29 July 2028, Clean Sweep paid rent of $13 200 (including GST) for the six months ended 31 January 2029.",,,,23
Business and Economics,Accounting,Year 12,Unit 4,VCEACU4AS1,Area of Study 1 - Extension of recording and reporting,Outcome 1,DetailedExampleStep,Paragraph,"The next payment, which was made on 29 January 2029, included a 5% increase from the rental period commencing 1 February 2029.",,,,24
Business and Economics,Accounting,Year 12,Unit 4,VCEACU4AS1,Area of Study 1 - Extension of recording and reporting,Outcome 1,DetailedExampleStep,Bullet,Calculate the rent paid during the quarter ended 31 March 2029.,,,,25
Business and Economics,Accounting,Year 12,Unit 4,VCEACU4AS1,Area of Study 1 - Extension of recording and reporting,Outcome 1,DetailedExampleStep,Bullet,Calculate the rent expense for the quarter ended 31 March 2029.,,,,26
Business and Economics,Accounting,Year 12,Unit 4,VCEACU4AS1,Area of Study 1 - Extension of recording and reporting,Outcome 1,DetailedExampleStep,Bullet,Referring to an accounting assumption explain the difference between the rent paid and rent expense.,,,,27
Business and Economics,Accounting,Year 12,Unit 4,VCEACU4AS1,Area of Study 1 - Extension of recording and reporting,Outcome 1,DetailedExample,Paragraph,Ethical considerations when recording and reporting,,,,28
Business and Economics,Accounting,Year 12,Unit 4,VCEACU4AS1,Area of Study 1 - Extension of recording and reporting,Outcome 1,DetailedExampleStep,Paragraph,Business scenario,,,,29
Business and Economics,Accounting,Year 12,Unit 4,VCEACU4AS1,Area of Study 1 - Extension of recording and reporting,Outcome 1,DetailedExampleStep,Paragraph,"At 30 June 2023, the extract from the Trial Balance of Paintworks showed the following:",,,,30
Business and Economics,Accounting,Year 12,Unit 4,VCEACU4AS1,Area of Study 1 - Extension of recording and reporting,Outcome 1,DetailedExampleStep,Paragraph,Additional information,,,,31
Business and Economics,Accounting,Year 12,Unit 4,VCEACU4AS1,Area of Study 1 - Extension of recording and reporting,Outcome 1,DetailedExampleStep,Bullet,"During the financial year ended 30 June 2023 the business made credit sales of 11,000 including GST. Receipts from Accounts Receivable for June 2023 amounted to $115,000.",,,,32
Business and Economics,Accounting,Year 12,Unit 4,VCEACU4AS1,Area of Study 1 - Extension of recording and reporting,Outcome 1,DetailedExampleStep,Bullet,"On 27 June 2023 the owner received a solicitor's letter informing him that his customer, Harry Hardware, had been declared bankrupt and would not be able to pay any of the $740 owed (Memo 19).",,,,33
Business and Economics,Accounting,Year 12,Unit 4,VCEACU4AS1,Area of Study 1 - Extension of recording and reporting,Outcome 1,DetailedExampleStep,Bullet,"A 20-minute resistance circuit (sit-ups, lunges, push-ups, triceps dips, squats, plank, suicide sprints and Turkish get ups)",,,,34
Business and Economics,Accounting,Year 12,Unit 4,VCEACU4AS1,Area of Study 1 - Extension of recording and reporting,Outcome 1,DetailedExampleStep,Bullet,At 30 June 2023 the accountant estimated that 4% of Net credit sales were considered doubtful.,,,,35
Business and Economics,Accounting,Year 12,Unit 4,VCEACU4AS1,Area of Study 1 - Extension of recording and reporting,Outcome 1,DetailedExampleStep,Paragraph,Tasks,,,,36
Business and Economics,Accounting,Year 12,Unit 4,VCEACU4AS1,Area of Study 1 - Extension of recording and reporting,Outcome 1,DetailedExampleStep,Bullet,Record Memo 19 in the General Journal of Paintworks.,,,,37
Business and Economics,Accounting,Year 12,Unit 4,VCEACU4AS1,Area of Study 1 - Extension of recording and reporting,Outcome 1,DetailedExampleStep,Bullet,Calculate Doubtful Debts for Paintworks for the year ended 30 June 2023.,,,,38
Business and Economics,Accounting,Year 12,Unit 4,VCEACU4AS1,Area of Study 1 - Extension of recording and reporting,Outcome 1,DetailedExampleStep,Bullet,Record the balance day adjustment for Bad Debts expense for June 2023 in the General Journal of Paintworks. A narration is required.,,,,39
Business and Economics,Accounting,Year 12,Unit 4,VCEACU4AS1,Area of Study 1 - Extension of recording and reporting,Outcome 1,DetailedExampleStep,Bullet,Show how the Bad Debts and Allowance for Doubtful Debts accounts would appear in the General Ledger of Paintworks as at 30 June 2023 after all closing and balancing entries had been recorded.,,,,40
Business and Economics,Accounting,Year 12,Unit 4,VCEACU4AS1,Area of Study 1 - Extension of recording and reporting,Outcome 1,DetailedExampleStep,Bullet,Show how the Accounts Receivable would be reported in the Balance Sheet of Paintworks as at 30 June 2023.,,,,41
Business and Economics,Accounting,Year 12,Unit 4,VCEACU4AS2,Area of Study 2 - Budgeting and decision-making,Outcome 2,Activity,Bullet,Construct an annotated flow chart depicting the budgeting process.,,,,1
Business and Economics,Accounting,Year 12,Unit 4,VCEACU4AS2,Area of Study 2 - Budgeting and decision-making,Outcome 2,Activity,Bullet,"In groups, discuss and explain the difference between cash and profit.",,,,2
Business and Economics,Accounting,Year 12,Unit 4,VCEACU4AS2,Area of Study 2 - Budgeting and decision-making,Outcome 2,Activity,Bullet,Discuss transactions that occur in a business and prepare a table showing the following for these transactions:,,,,3
Business and Economics,Accounting,Year 12,Unit 4,VCEACU4AS2,Area of Study 2 - Budgeting and decision-making,Outcome 2,Activity,Bullet,Cash inflows that are not revenues,Discuss transactions that occur in a business and prepare a table showing the following for these transactions:,,,4
Business and Economics,Accounting,Year 12,Unit 4,VCEACU4AS2,Area of Study 2 - Budgeting and decision-making,Outcome 2,Activity,Bullet,Cash outflows that are not expenses,Discuss transactions that occur in a business and prepare a table showing the following for these transactions:,,,5
Business and Economics,Accounting,Year 12,Unit 4,VCEACU4AS2,Area of Study 2 - Budgeting and decision-making,Outcome 2,Activity,Bullet,Revenues that are not cash inflows,Discuss transactions that occur in a business and prepare a table showing the following for these transactions:,,,6
Business and Economics,Accounting,Year 12,Unit 4,VCEACU4AS2,Area of Study 2 - Budgeting and decision-making,Outcome 2,Activity,Bullet,Expenses that are not cash outflows.,Discuss transactions that occur in a business and prepare a table showing the following for these transactions:,,,7
Business and Economics,Accounting,Year 12,Unit 4,VCEACU4AS2,Area of Study 2 - Budgeting and decision-making,Outcome 2,Activity,Bullet,Explain how some items may fall into two categories but appear as different amounts:,,,,8
Business and Economics,Accounting,Year 12,Unit 4,VCEACU4AS2,Area of Study 2 - Budgeting and decision-making,Outcome 2,Activity,Bullet,Revenue/Cash Receipts,Explain how some items may fall into two categories but appear as different amounts:,,,9
Business and Economics,Accounting,Year 12,Unit 4,VCEACU4AS2,Area of Study 2 - Budgeting and decision-making,Outcome 2,Activity,Bullet,Expense/Cash Payment items,Explain how some items may fall into two categories but appear as different amounts:,,,10
Business and Economics,Accounting,Year 12,Unit 4,VCEACU4AS2,Area of Study 2 - Budgeting and decision-making,Outcome 2,Activity,Bullet,"Use highlighters, to clearly delineate each of the elements in a trial balance prior to closing and transferring accounts. Use a consistent colour for each element.",,,,11
Business and Economics,Accounting,Year 12,Unit 4,VCEACU4AS2,Area of Study 2 - Budgeting and decision-making,Outcome 2,Activity,Bullet,Complete a reconstruction of general ledger accounts to find amounts for the inclusion of budgeted reports.,,,,12
Business and Economics,Accounting,Year 12,Unit 4,VCEACU4AS2,Area of Study 2 - Budgeting and decision-making,Outcome 2,Activity,Bullet,"Use an Income Statement, Balance Sheet and Income Statement for consecutive years to show the impact on the financial indicators (using ICT). Discuss the relationships between each of the financial indicators, also taking into consideration non-financial information.",,,,13
Business and Economics,Accounting,Year 12,Unit 4,VCEACU4AS2,Area of Study 2 - Budgeting and decision-making,Outcome 2,Activity,Bullet,"Discuss the ethical considerations for a business owner, with a focus on particular financial indicators. For example, a focus on Return on Investment could result in a higher risk if the owner is using debt to improve this indicator. Improving the net profit margin could result in job losses.",,,,14
Business and Economics,Accounting,Year 12,Unit 4,VCEACU4AS2,Area of Study 2 - Budgeting and decision-making,Outcome 2,Activity,Bullet,"Using a list of titles for all possible entries in the key ledger accounts (Accounts Receivable, Accounts Payable, Inventory, GST Clearing), compile a set of ledger templates using these titles. The titles can be written on Post-it notes or laminated strips so they can be easily moved about.",,,,15
Business and Economics,Accounting,Year 12,Unit 4,VCEACU4AS2,Area of Study 2 - Budgeting and decision-making,Outcome 2,DetailedExample,Paragraph,Reconstruction of General Ledger accounts,,,,16
Business and Economics,Accounting,Year 12,Unit 4,VCEACU4AS2,Area of Study 2 - Budgeting and decision-making,Outcome 2,DetailedExampleStep,Paragraph,Business scenario,,,,17
Business and Economics,Accounting,Year 12,Unit 4,VCEACU4AS2,Area of Study 2 - Budgeting and decision-making,Outcome 2,DetailedExampleStep,Paragraph,Stapled is preparing a Budgeted Cash Flow Statement for the month endeing 30 June 2029 and has provided the following information.,,,,18
Business and Economics,Accounting,Year 12,Unit 4,VCEACU4AS2,Area of Study 2 - Budgeting and decision-making,Outcome 2,DetailedExampleStep,Paragraph,Additional information,,,,19
Business and Economics,Accounting,Year 12,Unit 4,VCEACU4AS2,Area of Study 2 - Budgeting and decision-making,Outcome 2,DetailedExampleStep,Bullet,All sales and purchases of Inventory are on credit.,,,,20
Business and Economics,Accounting,Year 12,Unit 4,VCEACU4AS2,Area of Study 2 - Budgeting and decision-making,Outcome 2,DetailedExampleStep,Bullet,A payment of $3 000 will be made to the Australian Taxation Office (ATO) in June 2029.,,,,21
Business and Economics,Accounting,Year 12,Unit 4,VCEACU4AS2,Area of Study 2 - Budgeting and decision-making,Outcome 2,DetailedExampleStep,Bullet,Based on past experience the business expects that $1 000 of inventory will be returned by customers and this inventory will be returned to suppliers.,,,,22
Business and Economics,Accounting,Year 12,Unit 4,VCEACU4AS2,Area of Study 2 - Budgeting and decision-making,Outcome 2,DetailedExampleStep,Paragraph,Tasks,,,,23
Business and Economics,Accounting,Year 12,Unit 4,VCEACU4AS2,Area of Study 2 - Budgeting and decision-making,Outcome 2,DetailedExampleStep,Bullet,Reconstruct ledger accounts to calculate the following for the month endeing30 June 2029:,,,,24
Business and Economics,Accounting,Year 12,Unit 4,VCEACU4AS2,Area of Study 2 - Budgeting and decision-making,Outcome 2,DetailedExampleStep,Bullet,Cash received from Accounts Receivable,Reconstruct ledger accounts to calculate the following for the month endeing30 June 2029:,,,25
Business and Economics,Accounting,Year 12,Unit 4,VCEACU4AS2,Area of Study 2 - Budgeting and decision-making,Outcome 2,DetailedExampleStep,Bullet,Payments to Accounts Payable,Reconstruct ledger accounts to calculate the following for the month endeing30 June 2029:,,,26
Business and Economics,Accounting,Year 12,Unit 4,VCEACU4AS2,Area of Study 2 - Budgeting and decision-making,Outcome 2,DetailedExampleStep,Bullet,GST paid on cash payments.,Reconstruct ledger accounts to calculate the following for the month endeing30 June 2029:,,,27
Business and Economics,Accounting,Year 12,Unit 4,VCEACU4AS2,Area of Study 2 - Budgeting and decision-making,Outcome 2,DetailedExampleStep,Bullet,"Using the information above, complete the Operating Activities section of the Budgeted Cash Flow Statement for the month ending 30 June 2029.",,,,28
