SubjectArea,Subject,Band,AssessmentType,AssessmentInformationDetails,AssessmentYears,UnitASCode,ExamReportCode,SectionCode,FrameworkNumber,FrameworkName,ExampleNumber,ExampleDescription,Sequence
English,English,Year 12,Final Exam,Post Exam Report,2024,VCEEU3AS2,VCEEEARB,VCEEEARBRSPEX,1,Framework of Ideas 1: Country,,,1
English,English,Year 12,Final Exam,Post Exam Report,2024,VCEEU3AS2,VCEEEARB,VCEEEARBRSPEX,1,Framework of Ideas 1: Country,1,The student uses the title as a lens and the opportunity to create a metaphor about the connections needed within the fabric of a community to preserve country.,2
English,English,Year 12,Final Exam,Post Exam Report,2024,VCEEU3AS2,VCEEEARB,VCEEEARBRSPEX,1,Framework of Ideas 1: Country,1,The image of the grandfather guiding a child through a crop in stimulus 2 is used as a recurring motif throughout the piece.,3
English,English,Year 12,Final Exam,Post Exam Report,2024,VCEEU3AS2,VCEEEARB,VCEEEARBRSPEX,1,Framework of Ideas 1: Country,1,The length is approximately 900 words.,4
English,English,Year 12,Final Exam,Post Exam Report,2024,VCEEU3AS2,VCEEEARB,VCEEEARBRSPEX,2,Framework of Ideas 2: Protest,,,5
English,English,Year 12,Final Exam,Post Exam Report,2024,VCEEU3AS2,VCEEEARB,VCEEEARBRSPEX,2,Framework of Ideas 2: Protest,2,The title was explored by a consideration of factors against which resistance is necessary and the reasons why the vigilance has been or is needed in human society.,6
English,English,Year 12,Final Exam,Post Exam Report,2024,VCEEU3AS2,VCEEEARB,VCEEEARBRSPEX,2,Framework of Ideas 2: Protest,2,"The connection to stimulus 2 was implied by the text – factors that precipitated protest and, by implication, ways to control such a situation.",7
English,English,Year 12,Final Exam,Post Exam Report,2024,VCEEU3AS2,VCEEEARB,VCEEEARBRSPEX,2,Framework of Ideas 2: Protest,2,The length is approximately 600 words.,8
English,English,Year 12,Final Exam,Post Exam Report,2024,VCEEU3AS2,VCEEEARB,VCEEEARBRSPEX,2,Framework of Ideas 2: Protest,3,The title was explored by a consideration of new forms of resistance. The persistence of injustice was used as a warning of what injustices may be prolonged without resistance.,9
English,English,Year 12,Final Exam,Post Exam Report,2024,VCEEU3AS2,VCEEEARB,VCEEEARBRSPEX,2,Framework of Ideas 2: Protest,3,The metaphor of stimulus 2 was used as a motif throughout the text.,10
English,English,Year 12,Final Exam,Post Exam Report,2024,VCEEU3AS2,VCEEEARB,VCEEEARBRSPEX,2,Framework of Ideas 2: Protest,3,The length is approximately 900 words.,11
English,English,Year 12,Final Exam,Post Exam Report,2024,VCEEU3AS2,VCEEEARB,VCEEEARBRSPEX,2,Framework of Ideas 2: Protest,4,"The title was explored through an explanation of what needs to be resisted, and these acts of protest are resisted by society.",12
English,English,Year 12,Final Exam,Post Exam Report,2024,VCEEU3AS2,VCEEEARB,VCEEEARBRSPEX,2,Framework of Ideas 2: Protest,4,The imagery of the dominoes falling was used as a repeated motif of the cascading impact of social injustice that requires resistance from responsible members of society.,13
English,English,Year 12,Final Exam,Post Exam Report,2024,VCEEU3AS2,VCEEEARB,VCEEEARBRSPEX,2,Framework of Ideas 2: Protest,4,The length is approximately 1000 words.,14
English,English,Year 12,Final Exam,Post Exam Report,2024,VCEEU3AS2,VCEEEARB,VCEEEARBRSPEX,3,Framework of Ideas 3: Personal Journeys,,,15
English,English,Year 12,Final Exam,Post Exam Report,2024,VCEEU3AS2,VCEEEARB,VCEEEARBRSPEX,3,Framework of Ideas 3: Personal Journeys,5,The writer explored the title by exploring the stages of developing a sense of identity.,16
English,English,Year 12,Final Exam,Post Exam Report,2024,VCEEU3AS2,VCEEEARB,VCEEEARBRSPEX,3,Framework of Ideas 3: Personal Journeys,5,The idea of transformation to a state of ‘beauty’ of completeness from stimulus 3 was used as a structural mechanism.,17
English,English,Year 12,Final Exam,Post Exam Report,2024,VCEEU3AS2,VCEEEARB,VCEEEARBRSPEX,3,Framework of Ideas 3: Personal Journeys,5,The length is approximately 1000 words.,18
English,English,Year 12,Final Exam,Post Exam Report,2024,VCEEU3AS2,VCEEEARB,VCEEEARBRSPEX,3,Framework of Ideas 3: Personal Journeys,6,The student has used the title to explore the complex journey of navigating close relationships.,19
English,English,Year 12,Final Exam,Post Exam Report,2024,VCEEU3AS2,VCEEEARB,VCEEEARBRSPEX,3,Framework of Ideas 3: Personal Journeys,6,Stimulus 3 was selected and the student referenced ideas of transformation through their evolving sense of identity.,20
English,English,Year 12,Final Exam,Post Exam Report,2024,VCEEU3AS2,VCEEEARB,VCEEEARBRSPEX,3,Framework of Ideas 3: Personal Journeys,6,The length is approximately 1000 words.,21
English,English,Year 12,Final Exam,Post Exam Report,2024,VCEEU3AS2,VCEEEARB,VCEEEARBRSPEX,4,Framework of Ideas 4: Play,,,22
English,English,Year 12,Final Exam,Post Exam Report,2024,VCEEU3AS2,VCEEEARB,VCEEEARBRSPEX,4,Framework of Ideas 4: Play,7,The student used the title in two ways. There was consideration of the way the value of play can be subverted at a time when society believes it is the appropriate time to play. Then this idea was developed at the end where the experience of this time reshaped an understanding of life.,23
English,English,Year 12,Final Exam,Post Exam Report,2024,VCEEU3AS2,VCEEEARB,VCEEEARBRSPEX,4,Framework of Ideas 4: Play,7,The student referenced both stimulus 1 and 2 ironically by exploring the consequences of not having freedom to play and not having the outcome of play prescribed and limited.,24
English,English,Year 12,Final Exam,Post Exam Report,2024,VCEEU3AS2,VCEEEARB,VCEEEARBRSPEX,4,Framework of Ideas 4: Play,7,The length is approximately 800 words.,25
English,English,Year 12,Final Exam,Post Exam Report,2024,VCEEU3AS2,VCEEEARB,VCEEEARBRSPEX,4,Framework of Ideas 4: Play,8,The title was explored through this piece by its emphasis on the developmental importance of play in childhood.,26
English,English,Year 12,Final Exam,Post Exam Report,2024,VCEEU3AS2,VCEEEARB,VCEEEARBRSPEX,4,Framework of Ideas 4: Play,8,The student used both stimulus 1 and 2 for inspiration. The text clearly uses the idea of free play and the figurative idea of the child’s mind that is powered by play.,27
English,English,Year 12,Final Exam,Post Exam Report,2024,VCEEU3AS2,VCEEEARB,VCEEEARBRSPEX,4,Framework of Ideas 4: Play,8,The length is approximately 600 words.,28
English,English,Year 12,Final Exam,Post Exam Report,2024,VCEEU3AS2,VCEEEARB,VCEEEARBRSPEX,4,Framework of Ideas 4: Play,9,The title was used as an invitation to accept the premise that students’ secondary school years are a ‘time to play’.,29
English,English,Year 12,Final Exam,Post Exam Report,2024,VCEEU3AS2,VCEEEARB,VCEEEARBRSPEX,4,Framework of Ideas 4: Play,9,Stimulus 1 was addressed via the writer’s concern that freedom to play is dependent on the provision of appropriate spaces being available. The idea derived from part of the metaphor in stimulus 2 that play allows for increased happiness was also addressed.,30
English,English,Year 12,Final Exam,Post Exam Report,2024,VCEEU3AS2,VCEEEARB,VCEEEARBRSPEX,4,Framework of Ideas 4: Play,9,The length is approximately 700 words.,31
