SubjectArea,Subject,Band,AssessmentType,AssessmentInformationDetails,AssessmentYears,UnitASCode,ExamReportCode,EQCode,SectionCode,StrategyType,ExamQuestion,ResponseSource,Content,Example,Sequence
Humanities,Texts and Traditions,Year 12,Final Exam,Post Exam Report,2024,,VCETTER,,VCETTERH,,,,All questions,,0
Humanities,Texts and Traditions,Year 12,Final Exam,Post Exam Report,2024,,VCETTER,,VCETTERCM,,General Comments,ExaminerCommentary,"The overall standard of student responses in the 2024 examination was very high. It is clear that students are preparing across the whole study design: the set text, relevant themes, and in particular the passages for special study. Most students can, at the least, provide relevant responses to questions.",,1
Humanities,Texts and Traditions,Year 12,Final Exam,Post Exam Report,2024,,VCETTER,,VCETTERER,EnhancedStrategies,General Comments,ExaminerCommentary,"Higher-scoring responses answered in line with the VCAA published command terms, which in the 2024 examination were almost identical to previous years. The command terms are typical of scriptural scholarship, and are therefore typical of most VCE Texts and Traditions exams. The command terms were:",,2
Humanities,Texts and Traditions,Year 12,Final Exam,Post Exam Report,2024,,VCETTER,,VCETTERCM,,General Comments,ExaminerCommentary,Analyse,,3
Humanities,Texts and Traditions,Year 12,Final Exam,Post Exam Report,2024,,VCETTER,,VCETTERCM,,General Comments,ExaminerCommentary,Compare,,4
Humanities,Texts and Traditions,Year 12,Final Exam,Post Exam Report,2024,,VCETTER,,VCETTERCM,,General Comments,ExaminerCommentary,Define,,5
Humanities,Texts and Traditions,Year 12,Final Exam,Post Exam Report,2024,,VCETTER,,VCETTERCM,,General Comments,ExaminerCommentary,Describe,,6
Humanities,Texts and Traditions,Year 12,Final Exam,Post Exam Report,2024,,VCETTER,,VCETTERCM,,General Comments,ExaminerCommentary,Discuss,,7
Humanities,Texts and Traditions,Year 12,Final Exam,Post Exam Report,2024,,VCETTER,,VCETTERCM,,General Comments,ExaminerCommentary,Explain,,8
Humanities,Texts and Traditions,Year 12,Final Exam,Post Exam Report,2024,,VCETTER,,VCETTERCM,,General Comments,ExaminerCommentary,Explain with the use of two examples,,9
Humanities,Texts and Traditions,Year 12,Final Exam,Post Exam Report,2024,,VCETTER,,VCETTERCM,,General Comments,ExaminerCommentary,Identify,,10
Humanities,Texts and Traditions,Year 12,Final Exam,Post Exam Report,2024,,VCETTER,,VCETTERCM,,General Comments,ExaminerCommentary,Illustrate your response,,11
Humanities,Texts and Traditions,Year 12,Final Exam,Post Exam Report,2024,,VCETTER,,VCETTERCM,,General Comments,ExaminerCommentary,Name,,12
Humanities,Texts and Traditions,Year 12,Final Exam,Post Exam Report,2024,,VCETTER,,VCETTERCM,,General Comments,ExaminerCommentary,Outline,,13
Humanities,Texts and Traditions,Year 12,Final Exam,Post Exam Report,2024,,VCETTER,,VCETTERCM,,General Comments,ExaminerCommentary,Select and discuss,,14
Humanities,Texts and Traditions,Year 12,Final Exam,Post Exam Report,2024,,VCETTER,,VCETTERCM,,General Comments,ExaminerCommentary,Use examples to support your response,,15
Humanities,Texts and Traditions,Year 12,Final Exam,Post Exam Report,2024,,VCETTER,,VCETTERCM,,General Comments,ExaminerCommentary,What is ...?,,16
Humanities,Texts and Traditions,Year 12,Final Exam,Post Exam Report,2024,,VCETTER,,VCETTERCM,,General Comments,ExaminerCommentary,Who was ...?,,17
Humanities,Texts and Traditions,Year 12,Final Exam,Post Exam Report,2024,,VCETTER,,VCETTERCM,,General Comments,ExaminerCommentary,The short-answer questions in Part 1 and most of the essay questions have multiple parts; this provides a guide for students to structure their responses.,,18
Humanities,Texts and Traditions,Year 12,Final Exam,Post Exam Report,2024,,VCETTER,,VCETTERER,EnhancedStrategies,General Comments,ExaminerCommentary,"It is safe to assume that questions will be different from previous years, especially the parts of compulsory Question 4, so it is advised that students read all parts of the chosen question. High-scoring responses answered the actual question that was asked.",,19
Humanities,Texts and Traditions,Year 12,Final Exam,Post Exam Report,2024,,VCETTER,,VCETTERCM,,General Comments,ExaminerCommentary,"Most students paid attention to the multiple parts of the questions, and used these parts to help structure their responses.",,20
Humanities,Texts and Traditions,Year 12,Final Exam,Post Exam Report,2024,,VCETTER,,VCETTERCM,,General Comments,ExaminerCommentary,"Students are reminded to write their answers in English. There are no extra marks for words or phrases written in Hebrew, Greek or Arabic.",,21
Humanities,Texts and Traditions,Year 12,Final Exam,Post Exam Report,2024,,VCETTER,,VCETTERER,EnhancedStrategies,General Comments,ExaminerCommentary,"Higher-scoring responses incorporated quotations. However, if students are unsure whether the quotation is accurate, it is preferable to paraphrase a scholar - that is, not to use quotation marks but rather to write, for example, 'Scholar A says that ...'",,22
Humanities,Texts and Traditions,Year 12,Final Exam,Post Exam Report,2024,,VCETTER,,VCETTERCM,,General Comments,ExaminerCommentary,"Students are to be commended on following instructions in the Answer Book. This enabled students to answer questions more fully, especially Question 4.",,23
Humanities,Texts and Traditions,Year 12,Final Exam,Post Exam Report,2024,,VCETTER,,VCETTERCM,,General Comments,ExaminerCommentary,"It is important for students to indicate the correct answer at the top of the appropriate page in the Answer Book, and to ensure that only one question is answered per page. It is not necessary to write out the question. Responses that are continued in the extra space provided must be labelled to indicate they are 'continued', so that the examiner knows to continue reading and awarding marks.",,24
Humanities,Texts and Traditions,Year 12,Final Exam,Post Exam Report,2024,,VCETTER,,VCETTERCM,,General Comments,ExaminerCommentary,"Note: Student responses reproduced in this report have not been corrected for grammar, spelling or factual information.",,25
Humanities,Texts and Traditions,Year 12,Final Exam,Post Exam Report,2024,,VCETTER,,VCETTERCM,,General Comments,ExaminerCommentary,"This report provides sample answers or an indication of what answers may have included. Unless otherwise stated, these are not intended to be exemplary or complete responses.",,26
Humanities,Texts and Traditions,Year 12,Final Exam,Post Exam Report,2024,,VCETTER,,VCETTERCM,,General Comments,ExaminerCommentary,The statistics in this report may be subject to rounding resulting in a total more or less than 100 per cent.,,27
Humanities,Texts and Traditions,Year 12,Final Exam,Post Exam Report,2024,,VCETTER,,VCETTERCM,,General Comments,ExaminerCommentary,"This part of the examination is almost always from Unit 3 Outcomes 1 and 2. Questions 1-3 are worth 10 marks each. Each question has two to three parts, and each part has marks awarded to it.",,28
Humanities,Texts and Traditions,Year 12,Final Exam,Post Exam Report,2024,,VCETTER,,VCETTERER,EnhancedStrategies,General Comments,ExaminerCommentary,"High-scoring responses answered each part of the chosen questions, and demonstrated familiarity with the command terms in addressing the questions.",,29
Humanities,Texts and Traditions,Year 12,Final Exam,Post Exam Report,2024,,VCETTER,,VCETTERLR,LimitedStrategies,General Comments,ExaminerCommentary,"Lower-scoring responses tended to not answer all parts of the question, not follow the command terms, include material that was not directly relevant to the question, or were too brief to fully answer the question.",,30
Humanities,Texts and Traditions,Year 12,Final Exam,Post Exam Report,2024,,VCETTER,,VCETTERCM,,General Comments,ExaminerCommentary,"Some students wrote very long responses, almost to the length of an essay, going into more detail than was required to answer the question.",,31
Humanities,Texts and Traditions,Year 12,Final Exam,Post Exam Report,2024,,VCETTER,,VCETTERCM,,General Comments,ExaminerCommentary,Statistics for this examination cover all four tradition strand questions; it is not possible to provide statistics on individual questions. The average mark for Questions 1-3 across the four tradition strands ranged between 5.6 and 6.1. Five to 10 per cent of attempted responses did not address the question.,,32
Humanities,Texts and Traditions,Year 12,Final Exam,Post Exam Report,2024,,VCETTER,,VCETTERCM,,General Comments,ExaminerCommentary,It is important that students show an understanding of specialist terms by providing a clear definition or by demonstrating understanding through their discussion. Responses can then be marked within that understanding of the term.,,33
Humanities,Texts and Traditions,Year 12,Final Exam,Post Exam Report,2024,,VCETTER,,VCETTERCM,,General Comments,ExaminerCommentary,The spread of marks over the four strands of the study were as follows.,,34
Humanities,Texts and Traditions,Year 12,Final Exam,Post Exam Report,2024,,VCETTER,,VCETTERCM,,General Comments,ExaminerCommentary,2024 VCE Texts and Traditions external assessment report,,35
Humanities,Texts and Traditions,Year 12,Final Exam,Post Exam Report,2024,,VCETTER,VCETT24EQ4,VCETTERER,EnhancedStrategies,Question 4,ExaminerCommentary,"Each part of Question 4 is dependent on Unit 4 Outcome 3 of the study design. For this compulsory question, many students may benefit from knowing how a theme in the set text has been reapplied, reinterpreted, re-contextualised, referred to, or used by the tradition over a period of time discernibly later than the original set text. High-scoring responses answered all parts of the question. Familiarity with the study design may assist students to prepare for this question.",,36
Humanities,Texts and Traditions,Year 12,Final Exam,Post Exam Report,2024,,VCETTER,VCETT24EQ4,VCETTERCM,,Question 4,ExaminerCommentary,"Question 4 is the same question across the four tradition strands. Students should note, however, that the question is not repeated from year to year. Many students in the 2024 examination provided responses to Question 4 from the 2023 examination.",,37
Humanities,Texts and Traditions,Year 12,Final Exam,Post Exam Report,2024,,VCETTER,VCETT24EQ4,VCETTERCM,,Question 4,ExaminerCommentary,"Eight per cent of responses did not name a textual theme studied in Unit 4 Outcome 3. These responses therefore were also not successful in outlining a theme. Some responses discussed more than one textual theme; however the question, and the study design, asks for only one textual theme from the set text.",,38
Humanities,Texts and Traditions,Year 12,Final Exam,Post Exam Report,2024,,VCETTER,VCETT24EQ4,VCETTERCM,,Question 4,ExaminerCommentary,Students should only refer to textual themes that come directly from the set text. Students should not need to refer to sacred texts outside the set text in order to explain the textual theme.,,39
Humanities,Texts and Traditions,Year 12,Final Exam,Post Exam Report,2024,,VCETTER,VCETT24EQ4,VCETTERCM,,Question 4,ExaminerCommentary,"Nearly 15 per cent of responses were not able to discuss how the later tradition explained its interpretation of the theme or changes that may have occurred over time, and nearly 25 per cent of responses did not successfully explain the relevance of the original text to the later tradition's understanding of the textual theme.",,40
Humanities,Texts and Traditions,Year 12,Final Exam,Post Exam Report,2024,,VCETTER,VCETT24EQ4,VCETTERCM,,Question 4,ExaminerCommentary,Most students correctly used the Answer Book to structure their responses into the three separate parts of the question.,,41
Humanities,Texts and Traditions,Year 12,Final Exam,Post Exam Report,2024,,VCETTER,VCETT24EQ4,VCETTERCM,,Question 4,ExaminerCommentary,"The brief excerpts from student responses that follow are not intended to be used as a template, but to demonstrate how some students successfully responded to Question 4 on the 2024 examination.",,42
Humanities,Texts and Traditions,Year 12,Final Exam,Post Exam Report,2024,,VCETTER,VCETT24EQ4,VCETTERER,EnhancedStrategies,Question 4a,StudentResponse,The following is an example of a high-scoring response:,"'Messianism was considered used as a tool of hope for the prophets Jeremiah and Ezekiel, as their prophetic ministries were amidst a period ... when the destruction of Judah was looming ...'",43
Humanities,Texts and Traditions,Year 12,Final Exam,Post Exam Report,2024,,VCETTER,VCETT24EQ4,VCETTERER,EnhancedStrategies,Question 4a,StudentResponse,The following is an example of a high-scoring response:,"'Through the characters of Mary, Elizabeth ... Luke portrayed not only their complete faith in God but the potential for women ... to access the Kingdom of God. The development of the idea of women had been slowly infiltrating religious institution such as ...'",44
Humanities,Texts and Traditions,Year 12,Final Exam,Post Exam Report,2024,,VCETTER,VCETT24EQ4,VCETTERER,EnhancedStrategies,Question 4a,StudentResponse,The following is an example of a high-scoring response:,"'The theme of Jesus being the ""Word"" from ""the beginning"" was a pivotal concept ... highlighting the divine ... identity of Jesus. This theme [was] developed and ... interpreted by ... Arius who ... opposed the concept of Jesus being a divine being.'",45
Humanities,Texts and Traditions,Year 12,Final Exam,Post Exam Report,2024,,VCETTER,VCETT24EQ4,VCETTERER,EnhancedStrategies,Question 4a,StudentResponse,The following is an example of a high-scoring response:,"'The textual theme Shirk (polytheism) [is] prevalent in Surah Baqarah through the damnation of idol-worship and emphasis on Allah's attributes ... In parallel, Ibn Taymmiyah's simplification of the textual themes served to [...] through simplification for easier comprehension of the theme.'",46
Humanities,Texts and Traditions,Year 12,Final Exam,Post Exam Report,2024,,VCETTER,VCETT24EQ4,VCETTERER,EnhancedStrategies,Question 4b,StudentResponse,The following is an example of a high-scoring response:,"'The later tradition, particularly the reform sect of Judaism explained their interpretation by affirming that [Jewish Law] ""is our guidance, not our governance (Rabbi Solomon Freehoff), and thus they were not required to take the descriptions ... [literally].'",47
Humanities,Texts and Traditions,Year 12,Final Exam,Post Exam Report,2024,,VCETTER,VCETT24EQ4,VCETTERER,EnhancedStrategies,Question 4b,StudentResponse,The following is an example of a high-scoring response:,"'William and Catherine Booth, the founders of the Salvation Army explained their interpretation of the Kingdom of God by re-asserting that all people require a Saviour and that the marginalized are not to be excluded ... demonstrating an evolution in how the kingdom of God is preserved and shared.'",48
Humanities,Texts and Traditions,Year 12,Final Exam,Post Exam Report,2024,,VCETTER,VCETT24EQ4,VCETTERER,EnhancedStrategies,Question 4b,StudentResponse,The following is an example of a high-scoring response:,'... This sparked controversy in the Church at the time and the first Council of Nicea was call to define the nature of [Jesus].',49
Humanities,Texts and Traditions,Year 12,Final Exam,Post Exam Report,2024,,VCETTER,VCETT24EQ4,VCETTERER,EnhancedStrategies,Question 4b,StudentResponse,The following is an example of a high-scoring response:,"'Through Ijma (Islamic law) and Qiyas, modern scholars have been able to interpret Shirk to beyond physical idol worshipping ...'",50
Humanities,Texts and Traditions,Year 12,Final Exam,Post Exam Report,2024,,VCETTER,VCETT24EQ4,VCETTERER,EnhancedStrategies,Question 4c,StudentResponse,The following is an example of a high-scoring response:,"'Reform radically shifted the belief, holding it as partially relevant to the way the prophets taught Messianism ... they hoped for Messianism to be a ""kingdom of truth, peace and justice"" (Pittsburgh Platform).'",51
Humanities,Texts and Traditions,Year 12,Final Exam,Post Exam Report,2024,,VCETTER,VCETT24EQ4,VCETTERER,EnhancedStrategies,Question 4c,StudentResponse,The following is an example of a high-scoring response:,"'In the ""Manchester Statement"", they referenced Luke 8:1-3 as an example of women providing support for Jesus' ministry by their ""own resources."" The Anglican Church claimed that this was exemplary of women's importance in the kingdom of God ...'",52
Humanities,Texts and Traditions,Year 12,Final Exam,Post Exam Report,2024,,VCETTER,VCETT24EQ4,VCETTERER,EnhancedStrategies,Question 4c,StudentResponse,The following is an example of a high-scoring response:,'John's Gospel ... is relevant to the notion of Jesus' identity... through his representation of the Father and Son relationship ... The later tradition provided a similar idea ... which ultimately supports the belief ... that he was a human in his nature as well as ... divine',53
Humanities,Texts and Traditions,Year 12,Final Exam,Post Exam Report,2024,,VCETTER,VCETT24EQ4,VCETTERER,EnhancedStrategies,Question 4c,StudentResponse,The following is an example of a high-scoring response:,"'The Qur'an ... continually condemns the act of shirk which remains relevant to Islam ... ""Do not commit shirk"". This serves as the framework [for] Islam.'",54
Humanities,Texts and Traditions,Year 12,Final Exam,Post Exam Report,2024,,VCETTER,VCETT24EQ4,VCETTERCM,,Question 4c,ExaminerCommentary,The average mark for the exegesis questions was 18 out of a possible 30 marks. Approximately 40 per cent of responses achieved more than 20 marks; 45 per cent achieved between 10 and 20 marks.,,55
Humanities,Texts and Traditions,Year 12,Final Exam,Post Exam Report,2024,,VCETTER,VCETT24EQ4,VCETTERER,EnhancedStrategies,Question 4c,ExaminerCommentary,High-scoring responses:,,56
Humanities,Texts and Traditions,Year 12,Final Exam,Post Exam Report,2024,,VCETTER,VCETT24EQ4,VCETTERER,EnhancedStrategies,Question 4c,ExaminerCommentary,Included good exegetical method,,57
Humanities,Texts and Traditions,Year 12,Final Exam,Post Exam Report,2024,,VCETTER,VCETT24EQ4,VCETTERER,EnhancedStrategies,Question 4c,ExaminerCommentary,"Included analysis, not just a summary of the passage",,58
Humanities,Texts and Traditions,Year 12,Final Exam,Post Exam Report,2024,,VCETTER,VCETT24EQ4,VCETTERER,EnhancedStrategies,Question 4c,ExaminerCommentary,Commented on the sociocultural or historical (if appropriate) and literary context of the passage,,59
Humanities,Texts and Traditions,Year 12,Final Exam,Post Exam Report,2024,,VCETTER,VCETT24EQ4,VCETTERER,EnhancedStrategies,Question 4c,ExaminerCommentary,"Used signposting, such as 'A literary form found in this passage ...'",,60
Humanities,Texts and Traditions,Year 12,Final Exam,Post Exam Report,2024,,VCETTER,VCETT24EQ4,VCETTERER,EnhancedStrategies,Question 4c,ExaminerCommentary,"Explored the use of literary forms and techniques, such as metaphors; rhetorical questions; end stress; and grouping of passages or ayahs or verses and their effect within the passage, section, or whole set text",,61
Humanities,Texts and Traditions,Year 12,Final Exam,Post Exam Report,2024,,VCETTER,VCETT24EQ4,VCETTERER,EnhancedStrategies,Question 4c,ExaminerCommentary,Provided informed discussion on themes found within the text,,62
Humanities,Texts and Traditions,Year 12,Final Exam,Post Exam Report,2024,,VCETTER,VCETT24EQ4,VCETTERER,EnhancedStrategies,Question 4c,ExaminerCommentary,"Provided explicit reference to the meaning for the original audience or receivers of the text; for example, 'From this passage, the original audience would have learnt that ...'",,63
Humanities,Texts and Traditions,Year 12,Final Exam,Post Exam Report,2024,,VCETTER,VCETT24EQ4,VCETTERER,EnhancedStrategies,Question 4c,ExaminerCommentary,"Analysed the passage as a connected whole, rather than ayah by ayah, or verse by verse",,64
Humanities,Texts and Traditions,Year 12,Final Exam,Post Exam Report,2024,,VCETTER,VCETT24EQ4,VCETTERER,EnhancedStrategies,Question 4c,ExaminerCommentary,"Discussed whole bolded phrases, rather than discussing separate, individual words within the phrase",,65
Humanities,Texts and Traditions,Year 12,Final Exam,Post Exam Report,2024,,VCETTER,VCETT24EQ4,VCETTERER,EnhancedStrategies,Question 4c,ExaminerCommentary,Were able to demonstrate scholarly opinion; some students were able to name scholars.,,66
Humanities,Texts and Traditions,Year 12,Final Exam,Post Exam Report,2024,,VCETTER,VCETT24EQ4,VCETTERCM,,Question 4c,ExaminerCommentary,The average mark for the essay questions was 16 out of a possible 30 marks. Approximately 33 per cent of responses achieved more than 20 marks; 47 per cent achieved between 10 and 20 marks.,,67
Humanities,Texts and Traditions,Year 12,Final Exam,Post Exam Report,2024,,VCETTER,VCETT24EQ4,VCETTERER,EnhancedStrategies,Question 4c,ExaminerCommentary,High-scoring responses usually:,,68
Humanities,Texts and Traditions,Year 12,Final Exam,Post Exam Report,2024,,VCETTER,VCETT24EQ4,VCETTERER,EnhancedStrategies,Question 4c,ExaminerCommentary,Answered all parts of the question,,69
Humanities,Texts and Traditions,Year 12,Final Exam,Post Exam Report,2024,,VCETTER,VCETT24EQ4,VCETTERER,EnhancedStrategies,Question 4c,ExaminerCommentary,"Clearly indicated an understanding of the key terms of the question. Note that students should not take for granted a common understanding of terminology, and should express their understanding of key terms in their introduction",,70
Humanities,Texts and Traditions,Year 12,Final Exam,Post Exam Report,2024,,VCETTER,VCETT24EQ4,VCETTERER,EnhancedStrategies,Question 4c,ExaminerCommentary,Included references to passages and an explanation as to how various passages showed the theme or idea,,71
Humanities,Texts and Traditions,Year 12,Final Exam,Post Exam Report,2024,,VCETTER,VCETT24EQ4,VCETTERER,EnhancedStrategies,Question 4c,ExaminerCommentary,"Used an essay structure similar to that used in VCE English, which tended to lead to the development of a strong argument",,72
Humanities,Texts and Traditions,Year 12,Final Exam,Post Exam Report,2024,,VCETTER,VCETT24EQ4,VCETTERER,EnhancedStrategies,Question 4c,ExaminerCommentary,Discussed a passage's implications rather than retelling the content of a passage,,73
Humanities,Texts and Traditions,Year 12,Final Exam,Post Exam Report,2024,,VCETTER,VCETT24EQ4,VCETTERER,EnhancedStrategies,Question 4c,ExaminerCommentary,Moved beyond summary.,,74
Humanities,Texts and Traditions,Year 12,Final Exam,Post Exam Report,2024,,VCETTER,VCETT24EQ4,VCETTERCM,,Question 4c,ExaminerCommentary,Essays that were not well developed or were poorly structured were not able to achieve high grades.,,75
Humanities,Texts and Traditions,Year 12,Final Exam,Post Exam Report,2024,,VCETTER,VCETT24EQ4,VCETTERCM,,Question 4c,ExaminerCommentary,"Students are reminded to follow the directions within the question when crafting their response. For instance if three examples are specified in the question, it is not useful to include more than three examples in the response.",,76
Humanities,Texts and Traditions,Year 12,Final Exam,Post Exam Report,2025,,VCETTER,,VCETTERH,,,,All questions,,0
Humanities,Texts and Traditions,Year 12,Final Exam,Post Exam Report,2025,,VCETTER,,VCETTERCM,,General Comments,ExaminerCommentary,2025 VCE Texts and Traditions external assessment report,,1
Humanities,Texts and Traditions,Year 12,Final Exam,Post Exam Report,2025,,VCETTER,,VCETTERCM,,General Comments,ExaminerCommentary,This report provides sample answers or an indication of what answers may have included. These are not intended to be exemplary or complete responses.,,2
Humanities,Texts and Traditions,Year 12,Final Exam,Post Exam Report,2025,,VCETTER,,VCETTERCM,,General Comments,ExaminerCommentary,"The statistics in this report may be subject to rounding, resulting in a total of more or less than 100 per cent.",,3
Humanities,Texts and Traditions,Year 12,Final Exam,Post Exam Report,2025,,VCETTER,,VCETTERCM,,General Comments,ExaminerCommentary,"Note: Student responses reproduced in this report have not been corrected for grammar, spelling or factual information. Student responses have been redacted to illustrate the relevant assessed aspects of the response.",,4
Humanities,Texts and Traditions,Year 12,Final Exam,Post Exam Report,2025,,VCETTER,,VCETTERCM,,General Comments,ExaminerCommentary,"The extended responses are directly related to the passages, themes and ideas from the 2025 passages for special study. This part of the examination is almost always from Unit 3 outcomes 1 and 2. Questions 1-3 were worth 10 marks each. All the questions consisted of two or three parts, and each part had marks awarded to it. High-scoring answers addressed each part of the question, clearly signposting the individual parts of the question, and often in separate paragraphs.",,5
Humanities,Texts and Traditions,Year 12,Final Exam,Post Exam Report,2025,,VCETTER,,VCETTERCM,,General Comments,ExaminerCommentary,Low-scoring responses did not answer all parts of the question or included non-relevant information or discussion. Setting a time allocation may assist.,,6
Humanities,Texts and Traditions,Year 12,Final Exam,Post Exam Report,2025,,VCETTER,,VCETTERCM,,General Comments,ExaminerCommentary,Students must show care to respond to the set text they have studied.,,7
Humanities,Texts and Traditions,Year 12,Final Exam,Post Exam Report,2025,,VCETTER,VCETT25EQ1,VCETTERCM,,Question 1,ExaminerCommentary,"In Question 1 from the Qur'an section, students were required to use two examples from Surah 19 to outline the concern of Maryam, explain Maryam's predicament and discuss how her people reacted to her miraculous conception.",,8
Humanities,Texts and Traditions,Year 12,Final Exam,Post Exam Report,2025,,VCETTER,VCETT25EQ1,VCETTERER,EnhancedStrategies,Question 1,ExaminerCommentary,The following is from a high-scoring response:,,9
Humanities,Texts and Traditions,Year 12,Final Exam,Post Exam Report,2025,,VCETTER,VCETT25EQ1,VCETTERER,EnhancedStrategies,Question 1,StudentResponse,,"After angel Jibraeel descended by the command of Allah and announced that Maryam would give birth to a child she was concerned of how she could possibly give birth when... After she had given birth her concern changed into how she would return to her village ...  Just as Maryam worried, the people of her village upon seeing a baby ... began to question how she could possibly have given birth when... However, after Isa spoke on behalf of his mother the people ceased their queries understanding that her son was ...",10
Humanities,Texts and Traditions,Year 12,Final Exam,Post Exam Report,2025,,VCETTER,VCETT25EQ2,VCETTERCM,,Question 2,ExaminerCommentary,"Students were required to explain why examples of fulfilment of messianic prophecy included in the Passion narrative are used for John's audience, using two examples and explaining the significance of each example.",,11
Humanities,Texts and Traditions,Year 12,Final Exam,Post Exam Report,2025,,VCETTER,VCETT25EQ2,VCETTERER,EnhancedStrategies,Question 2,StudentResponse,The following is an example from a high-scoring response:,There are numerous examples of fulfillment of messianic prophecies in the Passion narrative. Such fulfillments of prophecy were of profound significance ... as it communicated to them that their faith ... One such prophecy that is fulfilled ... is that of the suffering servant (Isaiah 52 and 53) [which] speaks of ... Another messianic prophecy that is fulfilled in the passion narrative is that of Zechariah ...,12
Humanities,Texts and Traditions,Year 12,Final Exam,Post Exam Report,2025,,VCETTER,VCETT25EQ3,VCETTERCM,,Question 3,ExaminerCommentary,"Students were required to explain the significance of Chapter 2 and discuss what the chapter tells us about the Kingdom of God, using two examples to support their response.",,13
Humanities,Texts and Traditions,Year 12,Final Exam,Post Exam Report,2025,,VCETTER,VCETT25EQ3,VCETTERER,EnhancedStrategies,Question 3,StudentResponse,The following is an example from a high-scoring response:,"Chapter 2, which outlines the birth and childhood of Jesus, significantly underscores the beginning of Jesus' life, death and resurrection, and frames the understanding of his identity ... The chapter further emphasises the proclamation of the kingdom of God ... The boy Jesus in the temple indicates this understanding ... in the role that Jesus plays in promoting the kingdom. The chapter confirms their place within the kingdom ...",14
Humanities,Texts and Traditions,Year 12,Final Exam,Post Exam Report,2025,,VCETTER,VCETT25EQ4,VCETTERER,EnhancedStrategies,Question 4,ExaminerCommentary,High-scoring responses addressed all three parts of the question.,,15
Humanities,Texts and Traditions,Year 12,Final Exam,Post Exam Report,2025,,VCETTER,VCETT25EQ4,VCETTERLR,LimitedStrategies,Question 4,ExaminerCommentary,Many lower-scoring responses provided content and discussion more appropriate to past examination questions.,,16
Humanities,Texts and Traditions,Year 12,Final Exam,Post Exam Report,2025,,VCETTER,VCETT25EQ4,VCETTERLR,LimitedStrategies,Question 4,ExaminerCommentary,"Some low-scoring responses did not name a theme from the set text, did not name a particular period of history later than the formation of the set text or did not discuss how the later interpretations affected the religious tradition. Some lower-scoring responses provided historical summaries but did not link them to the questions.",,17
Humanities,Texts and Traditions,Year 12,Final Exam,Post Exam Report,2025,,VCETTER,VCETT25EQ4,VCETTERER,EnhancedStrategies,Question 4a,ExaminerCommentary,The following are examples from high-scoring responses.,,18
Humanities,Texts and Traditions,Year 12,Final Exam,Post Exam Report,2025,,VCETTER,VCETT25EQ4,VCETTERER,EnhancedStrategies,Question 4a,StudentResponse,,"In the early 1900s, the viewpoint of women in society began to shift with the suffrage movement ... thus inciting questions within the church about the ability of women ... Particularly, in a speech ... in 1987 [which stated] ...",19
Humanities,Texts and Traditions,Year 12,Final Exam,Post Exam Report,2025,,VCETTER,VCETT25EQ4,VCETTERER,EnhancedStrategies,Question 4a,StudentResponse,,"Over time ... ideas about Jesus were greatly divided ... One proponent of these ideas was Arius, who lived ... Arianism was refuted by the Council of Nicaea in 325 CE, in favour of consubstantiality ...",20
Humanities,Texts and Traditions,Year 12,Final Exam,Post Exam Report,2025,,VCETTER,VCETT25EQ4,VCETTERER,EnhancedStrategies,Question 4a,StudentResponse,,"During the period of revelation, shirk consisted of idol worship... [but] during the ... (8th-13th century), shirk shifted more to grave worship ...",21
Humanities,Texts and Traditions,Year 12,Final Exam,Post Exam Report,2025,,VCETTER,VCETT25EQ4,VCETTERER,EnhancedStrategies,Question 4a,StudentResponse,,"Dhabiha was always traditionally done by hand ... However, during the late 1700s, the occurrence of the industrial revolution and mass production, automated slaughtering machines were created ... Soon many Muslim countries ... adopted this ... which required further analysis [for] alignment with Islamic beliefs.",22
Humanities,Texts and Traditions,Year 12,Final Exam,Post Exam Report,2025,,VCETTER,VCETT25EQ4,VCETTERER,EnhancedStrategies,Question 4b,ExaminerCommentary,The following are examples from high-scoring responses.,,23
Humanities,Texts and Traditions,Year 12,Final Exam,Post Exam Report,2025,,VCETTER,VCETT25EQ4,VCETTERER,EnhancedStrategies,Question 4b,StudentResponse,,The parable of the good Samaritan forms the foundation of social justice ... a model of faith ... a modern [interpretation] to promote the ideal of human dignity.,24
Humanities,Texts and Traditions,Year 12,Final Exam,Post Exam Report,2025,,VCETTER,VCETT25EQ4,VCETTERER,EnhancedStrategies,Question 4b,StudentResponse,,"[Based on John's Prologue] Arius justified his idea by saying that ... The Council of Nicaea disagreed, and emphasised consubstantiality in the Nicene Creed, as Jesus said he was one with the Father (10:30).",25
Humanities,Texts and Traditions,Year 12,Final Exam,Post Exam Report,2025,,VCETTER,VCETT25EQ4,VCETTERER,EnhancedStrategies,Question 4b,StudentResponse,,"The Qur'an details the theme of shirk, by stating that Allah is One (2:163), and not to commit shirk ... Abdul Wahhab from the 17th Century used qiyas to interpret grave worship as shirk ...",26
Humanities,Texts and Traditions,Year 12,Final Exam,Post Exam Report,2025,,VCETTER,VCETT25EQ4,VCETTERER,EnhancedStrategies,Question 4c,ExaminerCommentary,The following are examples from high-scoring responses.,,27
Humanities,Texts and Traditions,Year 12,Final Exam,Post Exam Report,2025,,VCETTER,VCETT25EQ4,VCETTERER,EnhancedStrategies,Question 4c,StudentResponse,,Various changes within the Catholic Church resulted from the reinterpretation of social justice ... sought to work with economic systems ... the reinterpretation of social justice has led to continued efforts for political [and economic] justice.,28
Humanities,Texts and Traditions,Year 12,Final Exam,Post Exam Report,2025,,VCETTER,VCETT25EQ4,VCETTERER,EnhancedStrategies,Question 4c,StudentResponse,,This teaching significantly affected the religious tradition as it moved the church to clarify its teaching ... adoptionism was denounced as heretical ... reaffirming that Jesus is fully God and fully man.,29
Humanities,Texts and Traditions,Year 12,Final Exam,Post Exam Report,2025,,VCETTER,VCETT25EQ4,VCETTERER,EnhancedStrategies,Question 4c,StudentResponse,,Due to scholars' interpretation of shirk and providing [new] understanding for Muslims ... believers are thus able to reflect on the various forms of shirk that emerge and understand the various ways they may fall into such acts of ... shirk.,30
Humanities,Texts and Traditions,Year 12,Final Exam,Post Exam Report,2025,,VCETTER,VCETT25EQ4,VCETTERCM,,Question 4c,ExaminerCommentary,"The mean mark for the exegetical response was 18 out of a possible 30 marks. Approximately 45 per cent achieved 20 or more marks, and 46 per cent achieved 10 to 19 marks.",,31
Humanities,Texts and Traditions,Year 12,Final Exam,Post Exam Report,2025,,VCETTER,VCETT25EQ4,VCETTERER,EnhancedStrategies,Question 4c,ExaminerCommentary,High-scoring responses demonstrated:,,32
Humanities,Texts and Traditions,Year 12,Final Exam,Post Exam Report,2025,,VCETTER,VCETT25EQ4,VCETTERER,EnhancedStrategies,Question 4c,ExaminerCommentary,"A confident grasp of the required exegetical elements - context, literary analysis, themes, significance for original receivers or audience of the selected excerpts",,33
Humanities,Texts and Traditions,Year 12,Final Exam,Post Exam Report,2025,,VCETTER,VCETT25EQ4,VCETTERER,EnhancedStrategies,Question 4c,ExaminerCommentary,"Solid knowledge of a range of scholars, and an ability to integrate commentary meaningfully, rather than simply quoting or listing",,34
Humanities,Texts and Traditions,Year 12,Final Exam,Post Exam Report,2025,,VCETTER,VCETT25EQ4,VCETTERER,EnhancedStrategies,Question 4c,ExaminerCommentary,"An exploration of textual layers with nuance, demonstrating understanding not only of the surface meaning but also of broader thematic, structural and theological implications.",,35
Humanities,Texts and Traditions,Year 12,Final Exam,Post Exam Report,2025,,VCETTER,VCETT25EQ4,VCETTERLR,LimitedStrategies,Question 4c,ExaminerCommentary,Lower-scoring responses included:,,36
Humanities,Texts and Traditions,Year 12,Final Exam,Post Exam Report,2025,,VCETTER,VCETT25EQ4,VCETTERLR,LimitedStrategies,Question 4c,ExaminerCommentary,Sections of the exegetical exercise that were not completed,,37
Humanities,Texts and Traditions,Year 12,Final Exam,Post Exam Report,2025,,VCETTER,VCETT25EQ4,VCETTERLR,LimitedStrategies,Question 4c,ExaminerCommentary,References or comparisons to other writings or scholarly opinion not relevant to the passage being analysed,,38
Humanities,Texts and Traditions,Year 12,Final Exam,Post Exam Report,2025,,VCETTER,VCETT25EQ4,VCETTERLR,LimitedStrategies,Question 4c,ExaminerCommentary,"References to other passages from the set text, which did not add to understanding of the context nor the analysis of the passage",,39
Humanities,Texts and Traditions,Year 12,Final Exam,Post Exam Report,2025,,VCETTER,VCETT25EQ4,VCETTERLR,LimitedStrategies,Question 4c,ExaminerCommentary,"Sections from the passage that were misquoted, or analysis of ideas not found in the passage.",,40
Humanities,Texts and Traditions,Year 12,Final Exam,Post Exam Report,2025,,VCETTER,VCETT25EQ4,VCETTERCM,,Question 4c,ExaminerCommentary,"The marks allocated for the essay component of the examination remains stable from year to year, with the average mark for the essay questions this year 16 out of a possible 30 marks. Approximately 37 per cent achieved 20 marks or more; 44 per cent achieved between 10 and 19 marks.",,41
Humanities,Texts and Traditions,Year 12,Final Exam,Post Exam Report,2025,,VCETTER,VCETT25EQ4,VCETTERER,EnhancedStrategies,Question 4c,ExaminerCommentary,High-scoring responses usually included:,,42
Humanities,Texts and Traditions,Year 12,Final Exam,Post Exam Report,2025,,VCETTER,VCETT25EQ4,VCETTERER,EnhancedStrategies,Question 4c,ExaminerCommentary,"Discussion directly relevant to the question, including addressing key terms and theological concepts in the question",,43
Humanities,Texts and Traditions,Year 12,Final Exam,Post Exam Report,2025,,VCETTER,VCETT25EQ4,VCETTERER,EnhancedStrategies,Question 4c,ExaminerCommentary,"Discussion of all parts of the question, including whether the examples or evidence were from the set text or excerpts, and the correct number of examples as nominated by the question",,44
Humanities,Texts and Traditions,Year 12,Final Exam,Post Exam Report,2025,,VCETTER,VCETT25EQ4,VCETTERER,EnhancedStrategies,Question 4c,ExaminerCommentary,"Skilful scholarly opinion, including direct quotes from scholars",,45
Humanities,Texts and Traditions,Year 12,Final Exam,Post Exam Report,2025,,VCETTER,VCETT25EQ4,VCETTERER,EnhancedStrategies,Question 4c,ExaminerCommentary,"Clear signposting or 'topic sentences' in the style used in English essays, used to structure the discussion of the question.",,46
Humanities,Texts and Traditions,Year 12,Final Exam,Post Exam Report,2025,,VCETTER,VCETT25EQ4,VCETTERLR,LimitedStrategies,Question 4c,ExaminerCommentary,Lower-scoring responses included:,,47
Humanities,Texts and Traditions,Year 12,Final Exam,Post Exam Report,2025,,VCETTER,VCETT25EQ4,VCETTERLR,LimitedStrategies,Question 4c,ExaminerCommentary,Discussion that did not answer all sections of the question,,48
Humanities,Texts and Traditions,Year 12,Final Exam,Post Exam Report,2025,,VCETTER,VCETT25EQ4,VCETTERLR,LimitedStrategies,Question 4c,ExaminerCommentary,"Apparent misinterpretation of key terms, which led to inaccurate responses",,49
Humanities,Texts and Traditions,Year 12,Final Exam,Post Exam Report,2025,,VCETTER,VCETT25EQ4,VCETTERLR,LimitedStrategies,Question 4c,ExaminerCommentary,References to other writings and scholars that were not directly relevant to the question,,50
Humanities,Texts and Traditions,Year 12,Final Exam,Post Exam Report,2025,,VCETTER,VCETT25EQ4,VCETTERLR,LimitedStrategies,Question 4c,ExaminerCommentary,"Apparent use of prepared answers, without reference to the actual question",,51
Humanities,Texts and Traditions,Year 12,Final Exam,Post Exam Report,2025,,VCETTER,VCETT25EQ4,VCETTERLR,LimitedStrategies,Question 4c,ExaminerCommentary,"Brief, or repetitive and sometimes lengthy, responses without addressing the question",,52
Humanities,Texts and Traditions,Year 12,Final Exam,Post Exam Report,2025,,VCETTER,VCETT25EQ4,VCETTERLR,LimitedStrategies,Question 4c,ExaminerCommentary,Responses answering sections of the examination paper that did not apply to the relevant tradition.,,53
