SubjectArea,Subject,Band,Unit,UnitASCode,AreaofStudy,Outcome,OutcomeCode,ExampleType,ContentType,ExampleText,ParentText,URLTitle,URL,Sequence
Humanities,Geography,,,"VCEGEU1AS1,VCEGEU1AS2,VCEGEU2AS1,VCEGEU2AS2,VCEGEU3AS1,VCEGEU3AS2,VCEGEU4AS1,VCEGEU4AS2",,,,,Header,,Humanities - Geography,Geography - Teaching and Learning,https://www.vcaa.vic.edu.au/curriculum/vce-curriculum/vce-study-designs/geography/advice-teachers/advice-teachers-geography-4,0
Humanities,Geography,Year 11,Unit 1,VCEGEU1,,,,,UnitHeading,Unit 1 - Hazards and disasters,,,,1
Humanities,Geography,Year 11,Unit 1,VCEGEU1AS1,Area of Study 1 - Characteristics of hazards,Outcome 1,,,OutcomeHeading,Outcome 1,,,,1
Humanities,Geography,Year 11,Unit 1,VCEGEU1AS1,Area of Study 1 - Characteristics of hazards,Outcome 1,,,OutcomeDescription,On completion of this unit the student should be able to analyse the nature of hazards and the impacts of hazard events at a range of scales.,,,,2
Humanities,Geography,Year 11,Unit 1,VCEGEU1AS1,Area of Study 1 - Characteristics of hazards,Outcome 1,,,SectionHeading,Examples of learning activities,,,,3
Humanities,Geography,Year 11,Unit 1,VCEGEU1AS1,Area of Study 1 - Characteristics of hazards,Outcome 1,VCEGEU1AS1O1KK,Activity,Bullet,"View or read news reports about a recent hazard(s) affecting an Australian or overseas location. Discuss the causes of the hazard, the impacts on people and environments, and suggest factors that affected the scale and nature of the impacts.",,,,4
Humanities,Geography,Year 11,Unit 1,VCEGEU1AS1,Area of Study 1 - Characteristics of hazards,Outcome 1,VCEGEU1AS1O1KK,Activity,Bullet,Develop a glossary of key terms relating to the study of hazards and disasters.,,,,5
Humanities,Geography,Year 11,Unit 1,VCEGEU1AS1,Area of Study 1 - Characteristics of hazards,Outcome 1,VCEGEU1AS1O1KK,Activity,Bullet,"Examine a series of photographs and/or news articles about a range of hazards occurring in Australia and/or overseas. Classify each according to whether it is primarily geological, hydro-meteorological, biological or technological in nature.",,,,6
Humanities,Geography,Year 11,Unit 1,VCEGEU1AS1,Area of Study 1 - Characteristics of hazards,Outcome 1,VCEGEU1AS1O1KS,Activity,Bullet,"Interpret a range of geographic data such as satellite images, maps, ground photographs and block diagrams to describe and explain the global distribution, natural processes and geographical patterns of a selected type of hazard. Examples of different types of hazards are: bushfires, floods, sea level rise, air pollution, toxic waste disposal and invasion of non-indigenous species.",,,,7
Humanities,Geography,Year 11,Unit 1,VCEGEU1AS1,Area of Study 1 - Characteristics of hazards,Outcome 1,VCEGEU1AS1O1KS,Activity,Bullet,"Identify the different types of geospatial technologies (GNSS, remotely sensed imagery and GIS) and how each one is used to collect data and map natural hazards.",,,,8
Humanities,Geography,Year 11,Unit 1,VCEGEU1AS1,Area of Study 1 - Characteristics of hazards,Outcome 1,VCEGEU1AS1O1KK,Activity,Bullet,"Use online geospatial tools such as the Pacific Disaster Centre's disaster alert to add various layers to a map, and analyse the cause and impact of a selected natural hazard at a global, regional or national scale.",,,,9
Humanities,Geography,Year 11,Unit 1,VCEGEU1AS1,Area of Study 1 - Characteristics of hazards,Outcome 1,VCEGEU1AS1O1KK,Activity,Bullet,"Annotate a diagram of the enhanced greenhouse effect to show how the interconnections between human activities and natural processes contribute to climate change. Explain how climate change contributes to the impacts of either a biological, technological or hydro-meteorological hazard.",,,,10
Humanities,Geography,Year 11,Unit 1,VCEGEU1AS1,Area of Study 1 - Characteristics of hazards,Outcome 1,VCEGEU1AS1O1KK,Activity,Bullet,"In small groups, investigate a range of case studies illustrating a selected type of hazard or hazard event and share findings with the class in a multimedia presentation. The case studies should come from a range of locations both in Australia and overseas.",,,,11
Humanities,Geography,Year 11,Unit 1,VCEGEU1AS1,Area of Study 1 - Characteristics of hazards,Outcome 1,VCEGEU1AS1O1KS,Activity,Bullet,"Analyse the economic, social, political, environmental and cultural factors that affect the risk levels for people and environments for a selected type of hazard, based on information collected during class investigations of a range of case studies. Use online geospatial tools to determine the vulnerability and level of risk for these people and environments.",,,,12
Humanities,Geography,Year 11,Unit 1,VCEGEU1AS1,Area of Study 1 - Characteristics of hazards,Outcome 1,VCEGEU1AS1O1KK,Activity,Bullet,"Write a response to the following statement, with reference to at least two specific locations: 'There is a strong spatial association between places likely to be severely affected by hazards and low levels of economic development.' To what extent do you agree?",,,,13
Humanities,Geography,Year 11,Unit 1,VCEGEU1AS1,Area of Study 1 - Characteristics of hazards,Outcome 1,VCEGEU1AS1O1KK,Activity,Bullet,"Investigate how state and federal government agencies use geospatial technologies to identify and assess the impacts of bushfires in Victoria. In this investigation, consider how drones were used to collect data during a recent bushfire event and how governments used this data to create GIS maps to communicate ongoing impacts during the hazard event.",,,,14
Humanities,Geography,Year 11,Unit 1,VCEGEU1AS1,Area of Study 1 - Characteristics of hazards,Outcome 1,VCEGEU1AS1O1KK,DetailedExample,Paragraph,Multimedia presentation about a hazard,,,,15
Humanities,Geography,Year 11,Unit 1,VCEGEU1AS1,Area of Study 1 - Characteristics of hazards,Outcome 1,VCEGEU1AS1O1KK,DetailedExampleStep,Paragraph,The purpose of this activity is for students to:,,,,16
Humanities,Geography,Year 11,Unit 1,VCEGEU1AS1,Area of Study 1 - Characteristics of hazards,Outcome 1,VCEGEU1AS1O1KK,DetailedExampleStep,Bullet,Explore the characteristics of a hazard event/disaster and its impacts,,,,17
Humanities,Geography,Year 11,Unit 1,VCEGEU1AS1,Area of Study 1 - Characteristics of hazards,Outcome 1,VCEGEU1AS1O1KK,DetailedExampleStep,Bullet,Develop skills in multimedia presentation,,,,18
Humanities,Geography,Year 11,Unit 1,VCEGEU1AS1,Area of Study 1 - Characteristics of hazards,Outcome 1,VCEGEU1AS1O1KK,DetailedExampleStep,Bullet,Work collaboratively in a group.,,,,19
Humanities,Geography,Year 11,Unit 1,VCEGEU1AS1,Area of Study 1 - Characteristics of hazards,Outcome 1,VCEGEU1AS1O1KK,DetailedExampleStep,Paragraph,This activity could be developed as an assessment task.,,,,20
Humanities,Geography,Year 11,Unit 1,VCEGEU1AS1,Area of Study 1 - Characteristics of hazards,Outcome 1,VCEGEU1AS1O1KK,DetailedExampleStep,Paragraph,"Allocate each group of students a specific hazard event or disaster to investigate: for example, different examples of floods that have occurred in Australia and overseas during the last decade.",,,,21
Humanities,Geography,Year 11,Unit 1,VCEGEU1AS1,Area of Study 1 - Characteristics of hazards,Outcome 1,VCEGEU1AS1O1KK,DetailedExampleStep,Paragraph,Part A - Information gathering,,,,22
Humanities,Geography,Year 11,Unit 1,VCEGEU1AS1,Area of Study 1 - Characteristics of hazards,Outcome 1,VCEGEU1AS1O1KK,DetailedExampleStep,Paragraph,Provide each group with a set of guided questions or note-taking chart to be completed in a collaborative document that responds to questions such as:,,,,23
Humanities,Geography,Year 11,Unit 1,VCEGEU1AS1,Area of Study 1 - Characteristics of hazards,Outcome 1,VCEGEU1AS1O1KS,DetailedExampleStep,Bullet,Describe the location (map) of the hazard event.,,,,24
Humanities,Geography,Year 11,Unit 1,VCEGEU1AS1,Area of Study 1 - Characteristics of hazards,Outcome 1,VCEGEU1AS1O1KS,DetailedExampleStep,Bullet,"Describe the date, timing and duration.",,,,25
Humanities,Geography,Year 11,Unit 1,VCEGEU1AS1,Area of Study 1 - Characteristics of hazards,Outcome 1,VCEGEU1AS1O1KK,DetailedExampleStep,Bullet,What were the physical processes that caused the hazard event? Include labelled diagrams.,,,,26
Humanities,Geography,Year 11,Unit 1,VCEGEU1AS1,Area of Study 1 - Characteristics of hazards,Outcome 1,VCEGEU1AS1O1KK,DetailedExampleStep,Bullet,What role did human factors play in compounding the effects of the hazard event?,,,,27
Humanities,Geography,Year 11,Unit 1,VCEGEU1AS1,Area of Study 1 - Characteristics of hazards,Outcome 1,VCEGEU1AS1O1KK,DetailedExampleStep,Bullet,To what extent did climate change play a role in causing or exacerbating the effects of this hazard event?,,,,28
Humanities,Geography,Year 11,Unit 1,VCEGEU1AS1,Area of Study 1 - Characteristics of hazards,Outcome 1,VCEGEU1AS1O1KK,DetailedExampleStep,Bullet,"What factors affected the risk level of this hazard event for people and environments? Consider economic, social, political, environmental and cultural factors. Use online geospatial tools such as the Pacific Disaster Centre's disaster alert to create a GIS map that includes these factors as differing layers. Include this map in the presentation.",,,,29
Humanities,Geography,Year 11,Unit 1,VCEGEU1AS1,Area of Study 1 - Characteristics of hazards,Outcome 1,VCEGEU1AS1O1KK,DetailedExampleStep,Bullet,What is the history of this type of hazard event at the location?,,,,30
Humanities,Geography,Year 11,Unit 1,VCEGEU1AS1,Area of Study 1 - Characteristics of hazards,Outcome 1,VCEGEU1AS1O1KK,DetailedExampleStep,Bullet,What were the impacts on people? Consider short-term and long-term impacts.,,,,31
Humanities,Geography,Year 11,Unit 1,VCEGEU1AS1,Area of Study 1 - Characteristics of hazards,Outcome 1,VCEGEU1AS1O1KK,DetailedExampleStep,Bullet,What were the impacts on the natural and built environment? Consider short-term and long- term impacts.,,,,32
Humanities,Geography,Year 11,Unit 1,VCEGEU1AS1,Area of Study 1 - Characteristics of hazards,Outcome 1,VCEGEU1AS1O1KK,DetailedExampleStep,Bullet,"Classify the impacts on people and environments (environmental, economic, social and cultural).",,,,33
Humanities,Geography,Year 11,Unit 1,VCEGEU1AS1,Area of Study 1 - Characteristics of hazards,Outcome 1,VCEGEU1AS1O1KK,DetailedExampleStep,Bullet,Were there any positive impacts in the long term to result from the hazard event?,,,,34
Humanities,Geography,Year 11,Unit 1,VCEGEU1AS1,Area of Study 1 - Characteristics of hazards,Outcome 1,VCEGEU1AS1O1KK,DetailedExampleStep,Paragraph,"Suggested sources: Online databases available on the free web and via subscription, such as EBSCO and the United States Geological Survey.",,,,35
Humanities,Geography,Year 11,Unit 1,VCEGEU1AS1,Area of Study 1 - Characteristics of hazards,Outcome 1,VCEGEU1AS1O1KK,DetailedExampleStep,Paragraph,Part B - Presentation of findings,,,,36
Humanities,Geography,Year 11,Unit 1,VCEGEU1AS1,Area of Study 1 - Characteristics of hazards,Outcome 1,VCEGEU1AS1O1KK,DetailedExampleStep,Paragraph,"Give students specific instructions regarding the presentation of their findings using multimedia. For example, groups could present their findings using online tools such as Google Maps and/or Google Earth creation tools or ArcGIS StoryMaps. Another option could be a slideshow that includes a map, annotated photographs, diagrams and YouTube clips.",,,,37
Humanities,Geography,Year 11,Unit 1,VCEGEU1AS1,Area of Study 1 - Characteristics of hazards,Outcome 1,VCEGEU1AS1O1KK,DetailedExampleStep,Paragraph,"This activity could lead to a discussion of how and why the impacts of hazard events of the same type vary at different locations. It could assist students to understand the spatial association between level of risk and particular economic, social, political, environmental and cultural factors, and lead to a discussion about issues and challenges in responding to hazard events.",,,,38
Humanities,Geography,Year 11,Unit 1,VCEGEU1AS2,Area of Study 2 - Response to hazards and disasters,Outcome 2,,,OutcomeHeading,Outcome 2,,,,1
Humanities,Geography,Year 11,Unit 1,VCEGEU1AS2,Area of Study 2 - Response to hazards and disasters,Outcome 2,,,OutcomeDescription,"On completion of this unit the student should be able to analyse and evaluate the nature, purpose and effectiveness of a range of responses to selected hazards and disasters.",,,,2
Humanities,Geography,Year 11,Unit 1,VCEGEU1AS2,Area of Study 2 - Response to hazards and disasters,Outcome 2,,,SectionHeading,Examples of learning activities,,,,3
Humanities,Geography,Year 11,Unit 1,VCEGEU1AS2,Area of Study 2 - Response to hazards and disasters,Outcome 2,VCEGEU1AS2O2KK,Activity,Bullet,Respond to a research question that guides an investigation of a hazard or hazard event at an area where fieldwork can be conducted. The question should provide the opportunity to collect data from secondary and primary sources.,,,,4
Humanities,Geography,Year 11,Unit 1,VCEGEU1AS2,Area of Study 2 - Response to hazards and disasters,Outcome 2,VCEGEU1AS2O2KK,Activity,Bullet,"Collect data using fieldwork techniques such as field sketching, taking georeferenced ground photographs, measuring, drawing a cross-section, conducting an interview with an expert. All primary data collected in the field should include a spatial location via GNSS so that this data can be mapped back in class.",,,,5
Humanities,Geography,Year 11,Unit 1,VCEGEU1AS2,Area of Study 2 - Response to hazards and disasters,Outcome 2,VCEGEU1AS2O2KK,Activity,Bullet,"Process and present data collected about a hazard event at a local scale in a visual data booklet, using appropriate techniques and geographic conventions.",,,,6
Humanities,Geography,Year 11,Unit 1,VCEGEU1AS2,Area of Study 2 - Response to hazards and disasters,Outcome 2,VCEGEU1AS2O2KK,Activity,Bullet,"View an audiovisual program(s), YouTube clip(s) or news report(s) that discuss responses to a recent hazard event or disaster in Australia or overseas. As a class, classify the responses according to the following categories: mitigation, prediction, recovery and reconstruction. Discuss the difference between responses from government and non-government organisations, and at different scales.",,,,7
Humanities,Geography,Year 11,Unit 1,VCEGEU1AS2,Area of Study 2 - Response to hazards and disasters,Outcome 2,VCEGEU1AS2O2KK,Activity,Bullet,"Investigate a national response to a hazard event or disaster using a range of sources. Use a summary chart to evaluate the success of the response according to criteria such as: risk assessment, mitigation, recovery and reconstruction.",,,,8
Humanities,Geography,Year 11,Unit 1,VCEGEU1AS2,Area of Study 2 - Response to hazards and disasters,Outcome 2,VCEGEU1AS2O2KS,Activity,Bullet,"Identify a key issue that arises from responses to a selected hazard: for example, 'How can bushfire risk in Victoria be minimised?' Write a response that outlines three major challenges associated with the issue. These challenges could include (among others): climate change, economic cost, people's perception of risk.",,,,9
Humanities,Geography,Year 11,Unit 1,VCEGEU1AS2,Area of Study 2 - Response to hazards and disasters,Outcome 2,VCEGEU1AS2O2KK,Activity,Bullet,"Participate in a simulation in which students determine the types of geospatial data (layers) needed in a local area to map future bushfire risk. Layers could include bushfire severity, elevation, imagery, community assets, infrastructure and population density. Justify why these layers would be needed by a government agency. Then, research current responses for the local area. This approach could also be used for other hazards.",,,,10
Humanities,Geography,Year 11,Unit 1,VCEGEU1AS2,Area of Study 2 - Response to hazards and disasters,Outcome 2,VCEGEU1AS2O2KK,Activity,Bullet,"Investigate how geospatial technologies, including drones, have been used to respond to case study hazard events in both Australia and on a global scale. Evaluate the effectiveness of these technologies in developing prevention and mitigation measures for the selected hazard event.",,,,11
Humanities,Geography,Year 11,Unit 1,VCEGEU1AS2,Area of Study 2 - Response to hazards and disasters,Outcome 2,VCEGEU1AS2O2KK,DetailedExample,Paragraph,Presentation of processed data and information,,,,12
Humanities,Geography,Year 11,Unit 1,VCEGEU1AS2,Area of Study 2 - Response to hazards and disasters,Outcome 2,VCEGEU1AS2O2KK,DetailedExampleStep,Paragraph,"A required section in the fieldwork report is the presentation of processed data and information. The purpose of this activity is to guide students through this part of the report in Unit 1. In order to scaffold the task for students, teachers could provide them with the specific requirements for data to be included and in what format. The use of a separate visual data book is not a mandated format for the fieldwork report; however, it may be an effective way of managing this part of the report when it is introduced in Unit 1. Students could then be given the option of integrating the use of processed data in the written analysis when writing a fieldwork report in Unit 2.",,,,13
Humanities,Geography,Year 11,Unit 1,VCEGEU1AS2,Area of Study 2 - Response to hazards and disasters,Outcome 2,VCEGEU1AS2O2KK,DetailedExampleStep,Paragraph,Sample student instructions,,,,14
Humanities,Geography,Year 11,Unit 1,VCEGEU1AS2,Area of Study 2 - Response to hazards and disasters,Outcome 2,VCEGEU1AS2O2KK,DetailedExampleStep,Paragraph,Prepare a visual data book that will form part of your fieldwork report.,,,,15
Humanities,Geography,Year 11,Unit 1,VCEGEU1AS2,Area of Study 2 - Response to hazards and disasters,Outcome 2,VCEGEU1AS2O2KK,DetailedExampleStep,Paragraph,"Consider organising your data under headings such as: location, impacts on people, impacts on environments, hazard prevention, risk assessment.",,,,16
Humanities,Geography,Year 11,Unit 1,VCEGEU1AS2,Area of Study 2 - Response to hazards and disasters,Outcome 2,VCEGEU1AS2O2KK,DetailedExampleStep,Paragraph,You should include the following:,,,,17
Humanities,Geography,Year 11,Unit 1,VCEGEU1AS2,Area of Study 2 - Response to hazards and disasters,Outcome 2,VCEGEU1AS2O2KK,DetailedExampleStep,Bullet,A location map of the area(s) visited,,,,18
Humanities,Geography,Year 11,Unit 1,VCEGEU1AS2,Area of Study 2 - Response to hazards and disasters,Outcome 2,VCEGEU1AS2O2KK,DetailedExampleStep,Bullet,"A map(s) showing the location of sites where data was collected, including photographs. This map should be created using GIS software (Google My Maps or ArcGIS).",,,,19
Humanities,Geography,Year 11,Unit 1,VCEGEU1AS2,Area of Study 2 - Response to hazards and disasters,Outcome 2,VCEGEU1AS2O2KK,DetailedExampleStep,Bullet,An annotated field sketch,,,,20
Humanities,Geography,Year 11,Unit 1,VCEGEU1AS2,Area of Study 2 - Response to hazards and disasters,Outcome 2,VCEGEU1AS2O2KK,DetailedExampleStep,Bullet,A range of annotated photographs,,,,21
Humanities,Geography,Year 11,Unit 1,VCEGEU1AS2,Area of Study 2 - Response to hazards and disasters,Outcome 2,VCEGEU1AS2O2KK,DetailedExampleStep,Bullet,A table showing the results of observations/water quality tests/summary of key information from an interview,,,,22
Humanities,Geography,Year 11,Unit 1,VCEGEU1AS2,Area of Study 2 - Response to hazards and disasters,Outcome 2,VCEGEU1AS2O2KK,DetailedExampleStep,Bullet,Results of data collection for analysis using graphing software (Microsoft Excel or Google Sheets) and/or map creation using GIS software (Google My Maps or ArcGIS),,,,23
Humanities,Geography,Year 11,Unit 1,VCEGEU1AS2,Area of Study 2 - Response to hazards and disasters,Outcome 2,VCEGEU1AS2O2KK,DetailedExampleStep,Bullet,An annotated cross-section showing relevant data collected in the field.,,,,24
Humanities,Geography,Year 11,Unit 1,VCEGEU1AS2,Area of Study 2 - Response to hazards and disasters,Outcome 2,VCEGEU1AS2O2KK,DetailedExampleStep,Paragraph,"Number all visual data and use titles for easy reference in the written report: for example, Figure 1 Field sketch of retarding basin.",,,,25
Humanities,Geography,Year 11,Unit 1,VCEGEU1AS2,Area of Study 2 - Response to hazards and disasters,Outcome 2,VCEGEU1AS2O2KK,DetailedExampleStep,Paragraph,Additional advice,,,,26
Humanities,Geography,Year 11,Unit 1,VCEGEU1AS2,Area of Study 2 - Response to hazards and disasters,Outcome 2,VCEGEU1AS2O2KK,DetailedExampleStep,Paragraph,"Give students written instructions regarding the appropriate conventions for presenting graphs, maps, tables, cross-sections, field sketches, annotated photographs and other forms of geographic data.",,,,27
Humanities,Geography,Year 11,Unit 1,VCEGEU1AS2,Area of Study 2 - Response to hazards and disasters,Outcome 2,VCEGEU1AS2O2KK,DetailedExampleStep,Paragraph,Give students class time to process and present data.,,,,28
Humanities,Geography,Year 11,Unit 1,VCEGEU1AS2,Area of Study 2 - Response to hazards and disasters,Outcome 2,VCEGEU1AS2O2KK,DetailedExampleStep,Paragraph,Provide guidance in choosing the techniques most appropriate for conveying the meaning in the data.,,,,29
Humanities,Geography,Year 11,Unit 1,VCEGEU1AS2,Area of Study 2 - Response to hazards and disasters,Outcome 2,VCEGEU1AS2O2KK,DetailedExampleStep,Paragraph,Https://www.vcaa.vic.edu.au/curriculum/vce-curriculum/vce-study-designs/geography/advice-teachers/advice-teachers-geography,,,,30
Humanities,Geography,Year 11,Unit 2,VCEGEU2,,,,,UnitHeading,Unit 2 - Tourism: issues and challenges,,,,1
Humanities,Geography,Year 11,Unit 2,VCEGEU2AS1,Area of Study 1 - Characteristics of tourism,Outcome 1,,,OutcomeHeading,Outcome 1,,,,1
Humanities,Geography,Year 11,Unit 2,VCEGEU2AS1,Area of Study 1 - Characteristics of tourism,Outcome 1,,,OutcomeDescription,On completion of this unit the student should be able to analyse the nature of tourism at a range of scales.,,,,2
Humanities,Geography,Year 11,Unit 2,VCEGEU2AS1,Area of Study 1 - Characteristics of tourism,Outcome 1,,,SectionHeading,Examples of learning activities,,,,3
Humanities,Geography,Year 11,Unit 2,VCEGEU2AS1,Area of Study 1 - Characteristics of tourism,Outcome 1,VCEGEU2AS1O1KK,Activity,Bullet,"Map the distribution of key tourism sites visited by class members using Google My Maps and classify them according to the type of attraction. Discuss other methods of classifying tourism types, such as organisation, purpose or age group.",,,,4
Humanities,Geography,Year 11,Unit 2,VCEGEU2AS1,Area of Study 1 - Characteristics of tourism,Outcome 1,VCEGEU2AS1O1KK,Activity,Bullet,"Annotate a graph showing the growth in global tourism numbers from 1950 until the present to explain key factors contributing to its growth. Examples of factors could include: economic, social, political, environmental and cultural.",,,,5
Humanities,Geography,Year 11,Unit 2,VCEGEU2AS1,Area of Study 1 - Characteristics of tourism,Outcome 1,VCEGEU2AS1O1KK,Activity,Bullet,"Create a portfolio of geographic data to show current trends in domestic or international tourism, with accompanying written analysis. Examples of items could include: a choropleth map showing regions of highest and lowest tourism earnings, a scatter graph showing the relationship between countries with high GDP and high tourist earnings, overlay maps showing the distribution of different types of tourist sites.",,,,6
Humanities,Geography,Year 11,Unit 2,VCEGEU2AS1,Area of Study 1 - Characteristics of tourism,Outcome 1,VCEGEU2AS1O1KK,Activity,Bullet,"Examine data showing global tourist movement. Write a description of the spatial association between tourist destinations and source countries. Consider factors such as population size, geographical proximity and socioeconomic factors when explaining the level of spatial association.",,,,7
Humanities,Geography,Year 11,Unit 2,VCEGEU2AS1,Area of Study 1 - Characteristics of tourism,Outcome 1,VCEGEU2AS1O1KK,Activity,Bullet,"In pairs or small groups, research a type of tourism such as cultural tourism or adventure tourism. Compare factors influencing this type of tourism at two locations. Present the findings in a multimedia presentation.",,,,8
Humanities,Geography,Year 11,Unit 2,VCEGEU2AS1,Area of Study 1 - Characteristics of tourism,Outcome 1,VCEGEU2AS1O1KK,Activity,Bullet,"Conduct an interview on the topic of 'ethical tourism' with someone who works in the travel industry or someone who has participated in a type of ethical tourism. As a class, discuss reasons for the growth in ethical tourism and ecotourism. Produce an illustrated definition of the goals of ethical tourism for classroom display.",,,,9
Humanities,Geography,Year 11,Unit 2,VCEGEU2AS1,Area of Study 1 - Characteristics of tourism,Outcome 1,VCEGEU2AS1O1KK,Activity,Bullet,"Collect data from secondary sources about the natural and human characteristics and tourism patterns of a local tourism location. Sources used could include: government and non-government websites, a topographic map, Google Earth. This activity could be used to introduce the fieldwork investigation and report.",,,,10
Humanities,Geography,Year 11,Unit 2,VCEGEU2AS1,Area of Study 1 - Characteristics of tourism,Outcome 1,VCEGEU2AS1O1KK,Activity,Bullet,Investigate how geospatial technologies are used for specific tourism case studies and then write a research report that investigates the statement: 'Geospatial technologies are an essential tool for the tourism industry'.,,,,11
Humanities,Geography,Year 11,Unit 2,VCEGEU2AS1,Area of Study 1 - Characteristics of tourism,Outcome 1,VCEGEU2AS1O1KK,DetailedExample,Paragraph,Research report: Geospatial technologies are an essential tool for the tourism industry,,,,12
Humanities,Geography,Year 11,Unit 2,VCEGEU2AS1,Area of Study 1 - Characteristics of tourism,Outcome 1,VCEGEU2AS1O1KK,DetailedExampleStep,Paragraph,The purpose of this activity is for students to:,,,,13
Humanities,Geography,Year 11,Unit 2,VCEGEU2AS1,Area of Study 1 - Characteristics of tourism,Outcome 1,VCEGEU2AS1O1KK,DetailedExampleStep,Bullet,Examine how geospatial technologies are used in the tourism industry and determine how useful these technologies have been in the industry,,,,14
Humanities,Geography,Year 11,Unit 2,VCEGEU2AS1,Area of Study 1 - Characteristics of tourism,Outcome 1,VCEGEU2AS1O1KK,DetailedExampleStep,Bullet,Develop skills in researching and presenting evidence in a graphic organiser,,,,15
Humanities,Geography,Year 11,Unit 2,VCEGEU2AS1,Area of Study 1 - Characteristics of tourism,Outcome 1,VCEGEU2AS1O1KK,DetailedExampleStep,Bullet,Develop skills in writing a research report.,,,,16
Humanities,Geography,Year 11,Unit 2,VCEGEU2AS1,Area of Study 1 - Characteristics of tourism,Outcome 1,VCEGEU2AS1O1KK,DetailedExampleStep,Paragraph,Part A: Information gathering,,,,17
Humanities,Geography,Year 11,Unit 2,VCEGEU2AS1,Area of Study 1 - Characteristics of tourism,Outcome 1,VCEGEU2AS1O1KK,DetailedExampleStep,Paragraph,Students work in groups to consider one of the tourism scenarios below.,,,,18
Humanities,Geography,Year 11,Unit 2,VCEGEU2AS1,Area of Study 1 - Characteristics of tourism,Outcome 1,VCEGEU2AS1O1KK,DetailedExampleStep,Bullet,The City of Melbourne tracks and maps the movement of tourists across one day or week.,,,,19
Humanities,Geography,Year 11,Unit 2,VCEGEU2AS1,Area of Study 1 - Characteristics of tourism,Outcome 1,VCEGEU2AS1O1KK,DetailedExampleStep,Bullet,"Whitsundays National Park has developed a management plan that is used to ensure sustainability by users that include: recreational fishing, cruise ships, reef visits (diving and snorkeling) and recreational sailing.",,,,20
Humanities,Geography,Year 11,Unit 2,VCEGEU2AS1,Area of Study 1 - Characteristics of tourism,Outcome 1,VCEGEU2AS1O1KK,DetailedExampleStep,Bullet,In 2018 the State of Victoria launched a tourism campaign to attract Chinese tourists to Victoria.,,,,21
Humanities,Geography,Year 11,Unit 2,VCEGEU2AS1,Area of Study 1 - Characteristics of tourism,Outcome 1,VCEGEU2AS1O1KK,DetailedExampleStep,Bullet,A natural heritage location needs to track numbers of visitors and their impact because they are looking at introducing a cap to protect the site.,,,,22
Humanities,Geography,Year 11,Unit 2,VCEGEU2AS1,Area of Study 1 - Characteristics of tourism,Outcome 1,VCEGEU2AS1O1KK,DetailedExampleStep,Bullet,An Australian city is considering the introduction of electric scooters and needs to collect and represent data of tourist movements and public transport use as part of the decision-making process.,,,,23
Humanities,Geography,Year 11,Unit 2,VCEGEU2AS1,Area of Study 1 - Characteristics of tourism,Outcome 1,VCEGEU2AS1O1KK,DetailedExampleStep,Bullet,A cluster of towns in regional Victoria is working to create an online map of destinations to support the marketing of tourism in their region.,,,,24
Humanities,Geography,Year 11,Unit 2,VCEGEU2AS1,Area of Study 1 - Characteristics of tourism,Outcome 1,VCEGEU2AS1O1KK,DetailedExampleStep,Bullet,A historical tourist location is looking to develop an augmented reality experience for visitors.,,,,25
Humanities,Geography,Year 11,Unit 2,VCEGEU2AS1,Area of Study 1 - Characteristics of tourism,Outcome 1,VCEGEU2AS1O1KK,DetailedExampleStep,Paragraph,Students are instructed to:,,,,26
Humanities,Geography,Year 11,Unit 2,VCEGEU2AS1,Area of Study 1 - Characteristics of tourism,Outcome 1,VCEGEU2AS1O1KS,DetailedExampleStep,Bullet,"Identify the type of geospatial technologies used in the case study (GPS, GIS and/or satellite imagery)",,,,27
Humanities,Geography,Year 11,Unit 2,VCEGEU2AS1,Area of Study 1 - Characteristics of tourism,Outcome 1,VCEGEU2AS1O1KK,DetailedExampleStep,Bullet,Explain how and why the geospatial technologies would be used in this scenario,,,,28
Humanities,Geography,Year 11,Unit 2,VCEGEU2AS1,Area of Study 1 - Characteristics of tourism,Outcome 1,VCEGEU2AS1O1KK,DetailedExampleStep,Bullet,Determine the usefulness of these technologies in this example.,,,,29
Humanities,Geography,Year 11,Unit 2,VCEGEU2AS1,Area of Study 1 - Characteristics of tourism,Outcome 1,VCEGEU2AS1O1KK,DetailedExampleStep,Paragraph,Part B: Presentation of findings,,,,30
Humanities,Geography,Year 11,Unit 2,VCEGEU2AS1,Area of Study 1 - Characteristics of tourism,Outcome 1,VCEGEU2AS1O1KK,DetailedExampleStep,Bullet,Student groups present their findings using a graphic organiser template provided by the teacher.,,,,31
Humanities,Geography,Year 11,Unit 2,VCEGEU2AS1,Area of Study 1 - Characteristics of tourism,Outcome 1,VCEGEU2AS1O1KK,DetailedExampleStep,Bullet,Students collate and synthesise the evidence collected by each group in order to independently complete a written task that discusses the statement: 'Geospatial technologies are an essential tool for the tourism industry.',,,,32
Humanities,Geography,Year 11,Unit 2,VCEGEU2AS1,Area of Study 1 - Characteristics of tourism,Outcome 1,VCEGEU2AS1O1KK,DetailedExampleStep,Paragraph,Additional Information,,,,33
Humanities,Geography,Year 11,Unit 2,VCEGEU2AS1,Area of Study 1 - Characteristics of tourism,Outcome 1,VCEGEU2AS1O1KK,DetailedExampleStep,Paragraph,A guest speaker (either virtual or face-to-face) from a local tourism provider could provide detailed and real-world examples of the usefulness of geospatial technologies in the tourism industry. This information could be used in the written task.,,,,34
Humanities,Geography,Year 11,Unit 2,VCEGEU2AS2,Area of Study 2 - Impact of tourism: issues and challenges,Outcome 2,,,OutcomeHeading,Outcome 2,,,,1
Humanities,Geography,Year 11,Unit 2,VCEGEU2AS2,Area of Study 2 - Impact of tourism: issues and challenges,Outcome 2,,,OutcomeDescription,"On completion of this unit the student should be able to analyse the impacts of tourism on people, places and environments, and evaluate the effectiveness of strategies for managing tourism.",,,,2
Humanities,Geography,Year 11,Unit 2,VCEGEU2AS2,Area of Study 2 - Impact of tourism: issues and challenges,Outcome 2,,,SectionHeading,Examples of learning activities,,,,3
Humanities,Geography,Year 11,Unit 2,VCEGEU2AS2,Area of Study 2 - Impact of tourism: issues and challenges,Outcome 2,VCEGEU2AS2O2KK,Activity,Bullet,"Collect data from secondary sources about the natural and human characteristics, and tourism patterns, of a local tourism location. Sources could include government and non-government websites (such as the ABS), a topographic map, and Google Earth. This activity could be used to introduce the fieldwork investigation and report.",,,,4
Humanities,Geography,Year 11,Unit 2,VCEGEU2AS2,Area of Study 2 - Impact of tourism: issues and challenges,Outcome 2,VCEGEU2AS2O2KS,Activity,Bullet,"Compare satellite images or online geospatial tools such as Google Timelapse to identify the scale, distribution and impact of tourist development in a specific location over time.",,,,5
Humanities,Geography,Year 11,Unit 2,VCEGEU2AS2,Area of Study 2 - Impact of tourism: issues and challenges,Outcome 2,VCEGEU2AS2O2KK,Activity,Bullet,"Assess the management of a tourism location at a local scale by mapping the distribution of transport infrastructure in relation to key tourist attractions. Transport infrastructure and key tourist attractions can be included as differing layers on a satellite image using Google MyMap, Google Earth or ArcGIS.",,,,6
Humanities,Geography,Year 11,Unit 2,VCEGEU2AS2,Area of Study 2 - Impact of tourism: issues and challenges,Outcome 2,VCEGEU2AS2O2KK,Activity,Bullet,Investigate a management strategy or strategies at a local tourism site. Use GNSS mobile technology to collect primary data to determine if the strategy is enhancing positive impacts of tourism and/or minimising negative impacts of tourism at the site.,,,,7
Humanities,Geography,Year 11,Unit 2,VCEGEU2AS2,Area of Study 2 - Impact of tourism: issues and challenges,Outcome 2,VCEGEU2AS2O2KS,Activity,Bullet,"Discuss to what extent Butler's Model of Tourism Development is relevant to a local tourist site, drawing on data collected from primary and secondary sources.",,,,8
Humanities,Geography,Year 11,Unit 2,VCEGEU2AS2,Area of Study 2 - Impact of tourism: issues and challenges,Outcome 2,VCEGEU2AS2O2KK,Activity,Bullet,"Examine statistical, visual and written information about the impacts of tourism at a selected overseas location. Assess the environmental, economic, social and cultural impacts of tourists on the host destination by completing a series of structured questions.",,,,9
Humanities,Geography,Year 11,Unit 2,VCEGEU2AS2,Area of Study 2 - Impact of tourism: issues and challenges,Outcome 2,VCEGEU2AS2O2KK,Activity,Bullet,"Investigate a case study of ethical tourism developed at an international location. Write a report evaluating to what extent the example is effective in managing tourism by addressing environmental, social, cultural and economic sustainability.",,,,10
Humanities,Geography,Year 11,Unit 2,VCEGEU2AS2,Area of Study 2 - Impact of tourism: issues and challenges,Outcome 2,VCEGEU2AS2O2KK,Activity,Bullet,View a program about the causes and impacts of human-induced climate change. Use a graphic organiser to identify the links between tourism and climate change.,,,,11
Humanities,Geography,Year 11,Unit 2,VCEGEU2AS2,Area of Study 2 - Impact of tourism: issues and challenges,Outcome 2,VCEGEU2AS2O2KK,DetailedExample,Paragraph,Using Geospatial technologies to collect data in the field,,,,12
Humanities,Geography,Year 11,Unit 2,VCEGEU2AS2,Area of Study 2 - Impact of tourism: issues and challenges,Outcome 2,VCEGEU2AS2O2KK,DetailedExampleStep,Paragraph,"Students need to use geospatial technologies in fieldwork to collect data. This could involve using a GNSS receiver (GPS) or another mobile app that supports the collection of data and allows for the recording of location. When students return to class they will need to download, manipulate and then represent the data to create maps and graphs in their fieldwork report. The benefit of using the tools listed below is that they are free for student and teacher use, and are also available on all mobile devices (both Android and iOs).",,,,13
Humanities,Geography,Year 11,Unit 2,VCEGEU2AS2,Area of Study 2 - Impact of tourism: issues and challenges,Outcome 2,VCEGEU2AS2O2KK,DetailedExampleStep,Paragraph,What geospatial technologies are available to collect data in the field?,,,,14
Humanities,Geography,Year 11,Unit 2,VCEGEU2AS2,Area of Study 2 - Impact of tourism: issues and challenges,Outcome 2,VCEGEU2AS2O2KK,DetailedExampleStep,Bullet,GPS on a mobile phone or handheld GNSS receiver.,,,,15
Humanities,Geography,Year 11,Unit 2,VCEGEU2AS2,Area of Study 2 - Impact of tourism: issues and challenges,Outcome 2,VCEGEU2AS2O2KK,DetailedExampleStep,Bullet,Collecting GPS data using the Google Maps app on a mobile device.,,,,16
Humanities,Geography,Year 11,Unit 2,VCEGEU2AS2,Area of Study 2 - Impact of tourism: issues and challenges,Outcome 2,VCEGEU2AS2O2KK,DetailedExampleStep,Bullet,"Apps such as Epicollect 5 or Survey 123 (ESRI). The benefit of these apps is that the teacher can create questions that allow for primary data collection. These apps automatically collect GPS data and will link it to any other data (surveys, vegetation counts, cross-section data, water quality data, images, sound, video) linked to that location. Also, these apps do not rely on mobile data to work in the field and therefore can be used in any location.",,,,17
Humanities,Geography,Year 11,Unit 2,VCEGEU2AS2,Area of Study 2 - Impact of tourism: issues and challenges,Outcome 2,VCEGEU2AS2O2KK,DetailedExampleStep,Paragraph,Preparation prior to the fieldtrip,,,,18
Humanities,Geography,Year 11,Unit 2,VCEGEU2AS2,Area of Study 2 - Impact of tourism: issues and challenges,Outcome 2,VCEGEU2AS2O2KK,DetailedExampleStep,Bullet,Students are given instructions to download and practise using the designated app that will be used in the field.,,,,19
Humanities,Geography,Year 11,Unit 2,VCEGEU2AS2,Area of Study 2 - Impact of tourism: issues and challenges,Outcome 2,VCEGEU2AS2O2KK,DetailedExampleStep,Bullet,"Teachers create the 'data collection' questions if using Epicollect 5 or Survey 123. When doing so, they must follow any school or department IT protocols, particularly involving the privacy and collection of data.",,,,20
Humanities,Geography,Year 11,Unit 2,VCEGEU2AS2,Area of Study 2 - Impact of tourism: issues and challenges,Outcome 2,VCEGEU2AS2O2KK,DetailedExampleStep,Bullet,Students download the specific project created by the teacher prior to the fieldwork.,,,,21
Humanities,Geography,Year 11,Unit 2,VCEGEU2AS2,Area of Study 2 - Impact of tourism: issues and challenges,Outcome 2,VCEGEU2AS2O2KK,DetailedExampleStep,Paragraph,During the fieldtrip,,,,22
Humanities,Geography,Year 11,Unit 2,VCEGEU2AS2,Area of Study 2 - Impact of tourism: issues and challenges,Outcome 2,VCEGEU2AS2O2KK,DetailedExampleStep,Bullet,"Students work through the questions in the app, for each specified location. The teacher determines if the students are collecting data individually or in groups, and how this will be shared when they return to class. This will enable all students to be involved in the data collection, including those who do not own or have access to a mobile device.",,,,23
Humanities,Geography,Year 11,Unit 2,VCEGEU2AS2,Area of Study 2 - Impact of tourism: issues and challenges,Outcome 2,VCEGEU2AS2O2KK,DetailedExampleStep,Paragraph,After the fieldtrip,,,,24
Humanities,Geography,Year 11,Unit 2,VCEGEU2AS2,Area of Study 2 - Impact of tourism: issues and challenges,Outcome 2,VCEGEU2AS2O2KK,DetailedExampleStep,Bullet,"If data was collected in either Epicollect 5 or ArcGIS, students can download an Excel spreadsheet as a .csv file of the data collected in the field.",,,,25
Humanities,Geography,Year 11,Unit 2,VCEGEU2AS2,Area of Study 2 - Impact of tourism: issues and challenges,Outcome 2,VCEGEU2AS2O2KK,DetailedExampleStep,Bullet,Students must ensure that these files are 'cleaned up' and include correct heading titles. Extra columns of data that are not needed should be deleted.,,,,26
Humanities,Geography,Year 11,Unit 2,VCEGEU2AS2,Area of Study 2 - Impact of tourism: issues and challenges,Outcome 2,VCEGEU2AS2O2KK,DetailedExampleStep,Bullet,Students then import these 'cleaned' .csv files into GIS software such Google MyMaps or ArcGIS. Each layer of data added to a GIS map is a 'column' from the spreadsheet; each location is a row.,,,,27
Humanities,Geography,Year 11,Unit 2,VCEGEU2AS2,Area of Study 2 - Impact of tourism: issues and challenges,Outcome 2,VCEGEU2AS2O2KK,DetailedExampleStep,Bullet,"Students then add their own layers using satellite imagery, secondary data sources (such as tourism or ABS data) to enhance their evaluation of the effectiveness of the tourism strategy or strategies.",,,,28
Humanities,Geography,Year 11,Unit 2,VCEGEU2AS2,Area of Study 2 - Impact of tourism: issues and challenges,Outcome 2,VCEGEU2AS2O2KK,DetailedExampleStep,Paragraph,Additional advice,,,,29
Humanities,Geography,Year 11,Unit 2,VCEGEU2AS2,Area of Study 2 - Impact of tourism: issues and challenges,Outcome 2,VCEGEU2AS2O2KK,DetailedExampleStep,Paragraph,"There are a number of apps available on mobile devices that will further enhance data collection in the field. These include apps that collect data such as temperature, humidity, wind speed, light glare, sound and elevation. A simple internet search will show the different apps available at no cost. Teachers should test these apps before asking students to download them.",,,,30
Humanities,Geography,Year 11,Unit 2,VCEGEU2AS2,Area of Study 2 - Impact of tourism: issues and challenges,Outcome 2,VCEGEU2AS2O2KK,DetailedExampleStep,Paragraph,Map creation tools such as Google My Maps and ArcGIS are cost-free for students and teachers. They are also web-based and therefore do not need to be installed on computer or mobile devices. Teachers are encouraged to use any 'How to' videos that already exist to support students in using these geospatial tools.,,,,31
Humanities,Geography,Year 11,Unit 2,VCEGEU2AS2,Area of Study 2 - Impact of tourism: issues and challenges,Outcome 2,VCEGEU2AS2O2KK,DetailedExampleStep,Paragraph,Https://www.vcaa.vic.edu.au/curriculum/vce-curriculum/vce-study-designs/geography/advice-teachers/advice-teachers-geography-2,,,,32
Humanities,Geography,Year 12,Unit 3,VCEGEU3,,,,,UnitHeading,Unit 3 - Changing the land,,,,1
Humanities,Geography,Year 12,Unit 3,VCEGEU3AS1,Area of Study 1 - Land cover change,Outcome 1,,,OutcomeHeading,Outcome 1,,,,1
Humanities,Geography,Year 12,Unit 3,VCEGEU3AS1,Area of Study 1 - Land cover change,Outcome 1,,,OutcomeDescription,On completion of this unit the student should be able to analyse processes that result in changes to land cover and evaluate the impacts and responses resulting from these changes.,,,,2
Humanities,Geography,Year 12,Unit 3,VCEGEU3AS1,Area of Study 1 - Land cover change,Outcome 1,,,SectionHeading,Examples of learning activities,,,,3
Humanities,Geography,Year 12,Unit 3,VCEGEU3AS1,Area of Study 1 - Land cover change,Outcome 1,VCEGEU3AS1O1KK,Activity,Bullet,"Examine a series of photographs of different types of land cover, including: forest, grassland, tundra, bare lands, wetlands, land covered by water bodies and ice. Create a collaborative document which describes the distribution of each of these types of land cover on a global scale, using appropriate mapping techniques.",,,,4
Humanities,Geography,Year 12,Unit 3,VCEGEU3AS1,Area of Study 1 - Land cover change,Outcome 1,VCEGEU3AS1O1KK,Activity,Bullet,"Create a series of sketch maps showing the distribution of key types of land cover such as: forest, grassland, bare land and land ice during the Last Glacial Maximum around 20,000 years ago. Use an overlay to show the changes over time in land cover during the Holocene Climatic Optimum around 8,000 years ago.",,,,5
Humanities,Geography,Year 12,Unit 3,VCEGEU3AS1,Area of Study 1 - Land cover change,Outcome 1,VCEGEU3AS1O1KK,Activity,Bullet,Annotate block diagrams of glaciers and ices sheets to identify and describe their key characteristics.,,,,6
Humanities,Geography,Year 12,Unit 3,VCEGEU3AS1,Area of Study 1 - Land cover change,Outcome 1,VCEGEU3AS1O1KK,Activity,Bullet,View YouTube clips of calving ice and write an explanation of the process.,,,,7
Humanities,Geography,Year 12,Unit 3,VCEGEU3AS1,Area of Study 1 - Land cover change,Outcome 1,VCEGEU3AS1O1KK,Activity,Bullet,"Develop an illustrated glossary of different types of forest biomes and forest processes, using photographs found online.",,,,8
Humanities,Geography,Year 12,Unit 3,VCEGEU3AS1,Area of Study 1 - Land cover change,Outcome 1,VCEGEU3AS1O1KK,Activity,Bullet,Construct a concept map showing the role and interconnections between natural processes (such as tectonic activity) and human activities (such as human-induced climate change) in causing the process of melting glaciers and ice sheets.,,,,9
Humanities,Geography,Year 12,Unit 3,VCEGEU3AS1,Area of Study 1 - Land cover change,Outcome 1,VCEGEU3AS1O1KK,Activity,Bullet,Examine remote sensing imagery and satellite imagery to determine land cover change at a global scale.,,,,10
Humanities,Geography,Year 12,Unit 3,VCEGEU3AS1,Area of Study 1 - Land cover change,Outcome 1,VCEGEU3AS1O1KK,Activity,Bullet,"Access interactive online geospatial tools, such as Global Forest Watch to investigate and analyse global tree cover gain and loss over time. Turn on and off layers on the GIS maps to study the causes and impacts of this land cover change.",,,,11
Humanities,Geography,Year 12,Unit 3,VCEGEU3AS1,Area of Study 1 - Land cover change,Outcome 1,VCEGEU3AS1O1KS,Activity,Bullet,"With reference to mapped and graphed data, describe the spatial association between deforestation and human activities such as land conversion and logging.",,,,12
Humanities,Geography,Year 12,Unit 3,VCEGEU3AS1,Area of Study 1 - Land cover change,Outcome 1,VCEGEU3AS1O1KK,Activity,Bullet,"Investigate a specific location where deforestation or melting glaciers/ice sheets is occurring. Use information gathered from a teacher-prepared case study file of resources to assess the reasons for the land cover change, the impacts on people and the environment and subsequent issues and challenges.",,,,13
Humanities,Geography,Year 12,Unit 3,VCEGEU3AS1,Area of Study 1 - Land cover change,Outcome 1,VCEGEU3AS1O1KK,Activity,Bullet,"Research a response to the impacts of deforestation and melting glaciers and ice sheets at a local scale and a national scale. For each response, summarise its aims, achievements and an example of how it uses geospatial technology. Present the findings as a slideshow.",,,,14
Humanities,Geography,Year 12,Unit 3,VCEGEU3AS1,Area of Study 1 - Land cover change,Outcome 1,VCEGEU3AS1O1KK,Activity,Bullet,Explore the website of an organsiation responding to the impacts of deforestation (such as REDD) or melting glaciers and ice sheet (such as NASA) at a global scale. Discuss the questions: How have these organisations used geospatial technologies to monitor land cover change? How successful have these organisations been in responding to land use change?,,,,15
Humanities,Geography,Year 12,Unit 3,VCEGEU3AS1,Area of Study 1 - Land cover change,Outcome 1,VCEGEU3AS1O1KK,Activity,Bullet,Investigate a case study involving the use of spatial technologies to monitor (in real time) a land cover change. Examples could include GoLIVE for Glaciers and DeforestAction for vegetation. Discuss the questions: How have geospatial technologies been used? How effective are these technologies to monitor changes in land cover?,,,,16
Humanities,Geography,Year 12,Unit 3,VCEGEU3AS1,Area of Study 1 - Land cover change,Outcome 1,VCEGEU3AS1O1KK,Activity,Bullet,"As a class, develop appropriate criteria that can be used to evaluate responses to impacts of deforestation and melting glaciers and ice sheets at a specific location: for example, To what extent does the response achieve its aims? What are the strengths and weaknesses of the response?",,,,17
Humanities,Geography,Year 12,Unit 3,VCEGEU3AS1,Area of Study 1 - Land cover change,Outcome 1,VCEGEU3AS1O1KS,DetailedExample,Paragraph,Interpreting remote sensing images to analyse land cover change,,,,18
Humanities,Geography,Year 12,Unit 3,VCEGEU3AS1,Area of Study 1 - Land cover change,Outcome 1,VCEGEU3AS1O1KK,DetailedExampleStep,Paragraph,The purpose of this activity is for students to:,,,,19
Humanities,Geography,Year 12,Unit 3,VCEGEU3AS1,Area of Study 1 - Land cover change,Outcome 1,VCEGEU3AS1O1KS,DetailedExampleStep,Bullet,Understand how to interpret remote sensing imagery,,,,20
Humanities,Geography,Year 12,Unit 3,VCEGEU3AS1,Area of Study 1 - Land cover change,Outcome 1,VCEGEU3AS1O1KS,DetailedExampleStep,Bullet,Analyse satellite and remote sensing imagery to determine causes and impacts of land cover change.,,,,21
Humanities,Geography,Year 12,Unit 3,VCEGEU3AS1,Area of Study 1 - Land cover change,Outcome 1,VCEGEU3AS1O1KK,DetailedExampleStep,Paragraph,Part A - What is a remote sensing image?,,,,22
Humanities,Geography,Year 12,Unit 3,VCEGEU3AS1,Area of Study 1 - Land cover change,Outcome 1,VCEGEU3AS1O1KK,DetailedExampleStep,Paragraph,Students research and find answers to the following:,,,,23
Humanities,Geography,Year 12,Unit 3,VCEGEU3AS1,Area of Study 1 - Land cover change,Outcome 1,VCEGEU3AS1O1KK,DetailedExampleStep,Bullet,What is remote sensing?,,,,24
Humanities,Geography,Year 12,Unit 3,VCEGEU3AS1,Area of Study 1 - Land cover change,Outcome 1,VCEGEU3AS1O1KK,DetailedExampleStep,Bullet,How is the electromagnetic spectrum used by the LANDSAT?,,,,25
Humanities,Geography,Year 12,Unit 3,VCEGEU3AS1,Area of Study 1 - Land cover change,Outcome 1,VCEGEU3AS1O1KK,DetailedExampleStep,Bullet,How do the LANDSAT satellite sensors record images?,,,,26
Humanities,Geography,Year 12,Unit 3,VCEGEU3AS1,Area of Study 1 - Land cover change,Outcome 1,VCEGEU3AS1O1KS,DetailedExampleStep,Paragraph,Part B - How do you interpret remote sensing images?,,,,27
Humanities,Geography,Year 12,Unit 3,VCEGEU3AS1,Area of Study 1 - Land cover change,Outcome 1,VCEGEU3AS1O1KK,DetailedExampleStep,Bullet,"Allocate students into groups. Give each group two or three LANDSAT images of land cover change in a specific location. Ideally, these images should be printed on A3 in colour. LANDSAT imagery can be found at the NASA Landsat Image Gallery.",,,,28
Humanities,Geography,Year 12,Unit 3,VCEGEU3AS1,Area of Study 1 - Land cover change,Outcome 1,VCEGEU3AS1O1KK,DetailedExampleStep,Bullet,"In their groups, students use the resources listed below to begin interpreting the different types of land cover on the images and discover which colours represent a change between images.",,,,29
Humanities,Geography,Year 12,Unit 3,VCEGEU3AS1,Area of Study 1 - Land cover change,Outcome 1,VCEGEU3AS1O1KK,DetailedExampleStep,Bullet,"Students annotate these changes on the images. To support students in annotating, provide information or examples from the resources listed below.",,,,30
Humanities,Geography,Year 12,Unit 3,VCEGEU3AS1,Area of Study 1 - Land cover change,Outcome 1,VCEGEU3AS1O1KK,DetailedExampleStep,Bullet,Student groups then rotate and provide feedback on other imagery in terms of the clarity and accuracy of annotations (Gallery walk).,,,,31
Humanities,Geography,Year 12,Unit 3,VCEGEU3AS1,Area of Study 1 - Land cover change,Outcome 1,VCEGEU3AS1O1KK,DetailedExampleStep,Paragraph,Part C - What evidence can you collect from the imagery to determine cause and impact of land cover change?,,,,32
Humanities,Geography,Year 12,Unit 3,VCEGEU3AS1,Area of Study 1 - Land cover change,Outcome 1,VCEGEU3AS1O1KK,DetailedExampleStep,Bullet,"Using their annotations and evidence from the images, students make predictions on the causes and impacts of land cover change. They may also choose to complete further research on these locations to support their predictions.",,,,33
Humanities,Geography,Year 12,Unit 3,VCEGEU3AS1,Area of Study 1 - Land cover change,Outcome 1,VCEGEU3AS1O1KK,DetailedExampleStep,Paragraph,Additional activity,,,,34
Humanities,Geography,Year 12,Unit 3,VCEGEU3AS1,Area of Study 1 - Land cover change,Outcome 1,VCEGEU3AS1O1KK,DetailedExampleStep,Paragraph,Students may be interested in creating their own LANDSAT image. Directions for doing this are available from the NASA website.,,,,35
Humanities,Geography,Year 12,Unit 3,VCEGEU3AS1,Area of Study 1 - Land cover change,Outcome 1,VCEGEU3AS1O1KK,DetailedExampleStep,Paragraph,Resources,,,,36
Humanities,Geography,Year 12,Unit 3,VCEGEU3AS1,Area of Study 1 - Land cover change,Outcome 1,VCEGEU3AS1O1KS,DetailedExampleStep,Paragraph,NASA Earth Observatory - How to Interpret a Satellite Image: Five Tips and Strategies,,,,37
Humanities,Geography,Year 12,Unit 3,VCEGEU3AS1,Area of Study 1 - Land cover change,Outcome 1,VCEGEU3AS1O1KK,DetailedExampleStep,Paragraph,"Earth Exploration Toolbook, Annotating Change in Satellite Images",,,,38
Humanities,Geography,Year 12,Unit 3,VCEGEU3AS2,Area of Study 2 - Land use change,Outcome 2,,,OutcomeHeading,Outcome 2,,,,1
Humanities,Geography,Year 12,Unit 3,VCEGEU3AS2,Area of Study 2 - Land use change,Outcome 2,,,OutcomeDescription,On completion of this unit the student should be able to analyse land use change and evaluate its impacts.,,,,2
Humanities,Geography,Year 12,Unit 3,VCEGEU3AS2,Area of Study 2 - Land use change,Outcome 2,,,SectionHeading,Examples of learning activities,,,,3
Humanities,Geography,Year 12,Unit 3,VCEGEU3AS2,Area of Study 2 - Land use change,Outcome 2,VCEGEU3AS2O2KK,Activity,Bullet,"In pairs or small groups, examine ground or oblique aerial photographs of a variety of landscapes, such as rural, urban, industrial, mining, and coastal. Explain the difference between land cover and land use shown in the photographs. Discuss different classifications of land use.",,,,4
Humanities,Geography,Year 12,Unit 3,VCEGEU3AS2,Area of Study 2 - Land use change,Outcome 2,VCEGEU3AS2O2KK,Activity,Bullet,"Use GIS software, such as Google My Maps, Scribble Maps or ArcGIS, to create a land use map (creation of layers over a satellite image) of your school and surrounding area. Each land use should be a different layer on the map.",,,,5
Humanities,Geography,Year 12,Unit 3,VCEGEU3AS2,Area of Study 2 - Land use change,Outcome 2,VCEGEU3AS2O2KK,Activity,Bullet,Use Google TimeLapse to investigate the change in land use over time of your school and its surroundings. Open Google Streetview in Google Maps and select the option to view Streetview Image over time in the local area. Describe the changes that have taken place and suggest the reasons for these changes.,,,,6
Humanities,Geography,Year 12,Unit 3,VCEGEU3AS2,Area of Study 2 - Land use change,Outcome 2,VCEGEU3AS2O2KS,Activity,Bullet,Analyse maps and/or satellite or aerial photographs that show the natural and human characteristics of a selected area before and after land use change and respond to a series of short-answer questions.,,,,7
Humanities,Geography,Year 12,Unit 3,VCEGEU3AS2,Area of Study 2 - Land use change,Outcome 2,VCEGEU3AS2O2KK,Activity,Bullet,"Create an annotated timeline showing how organisations such as local councils, community groups, commercial developers and individuals have influenced land use change in a selected area. This activity could be completed using a teacher-prepared 'case study' file of resources (such as video clips, newspaper articles) and links to online resources (such as local government planning documents).",,,,8
Humanities,Geography,Year 12,Unit 3,VCEGEU3AS2,Area of Study 2 - Land use change,Outcome 2,VCEGEU3AS2O2KK,Activity,Bullet,"Write a short evaluation of the key reasons for the land use change in a selected area, with reference to the annotated timeline and showing the influence of organisations, individuals and planning strategies. Take into consideration: economic, social, political, environmental and cultural factors.",,,,9
Humanities,Geography,Year 12,Unit 3,VCEGEU3AS2,Area of Study 2 - Land use change,Outcome 2,VCEGEU3AS2O2KK,Activity,Bullet,"Brainstorm research questions that focus on the impacts of the land use change at a selected area and its surrounding region. Classify the impacts into positive or negative, short or long term, environmental, economic, social and cultural. Present this information in a graphic organiser.",,,,10
Humanities,Geography,Year 12,Unit 3,VCEGEU3AS2,Area of Study 2 - Land use change,Outcome 2,VCEGEU3AS2O2KK,Activity,Bullet,"Use fieldwork techniques to collect information about the geographic characteristics of the selected area that has undergone a land use change. These could include sketching, photographing, recording observations, measuring and counting.",,,,11
Humanities,Geography,Year 12,Unit 3,VCEGEU3AS2,Area of Study 2 - Land use change,Outcome 2,VCEGEU3AS2O2KK,Activity,Bullet,"Conduct social interviews or surveys, using paper surveys or geospatial tools such as Epicollect 5 or Survey 123, to determine the impact of land use change on a selected area and its surrounding region. For example, survey users of a newly developed park or retail area and conduct interviews with local residents.",,,,12
Humanities,Geography,Year 12,Unit 3,VCEGEU3AS2,Area of Study 2 - Land use change,Outcome 2,VCEGEU3AS2O2KS,Activity,Bullet,"Construct a table to evaluate the usefulness of the primary and secondary data sources used to collect information in answering the research question. Aspects to consider include: which aspect of the research question the data source addressed, whether it provided qualitative or quantitative data, its validity and reliability and any limitations.",,,,13
Humanities,Geography,Year 12,Unit 3,VCEGEU3AS2,Area of Study 2 - Land use change,Outcome 2,VCEGEU3AS2O2KK,Activity,Bullet,"Collate data collected in the field (such as survey results) in a class collaborative document, or by downloading the data from Epicollect 5 or Survey 123.",,,,14
Humanities,Geography,Year 12,Unit 3,VCEGEU3AS2,Area of Study 2 - Land use change,Outcome 2,VCEGEU3AS2O2KS,Activity,Bullet,"Discuss the advantages of, and conventions for, presenting geographic data in each of the following forms: graphs, tables, annotated photographs, digital maps.",,,,15
Humanities,Geography,Year 12,Unit 3,VCEGEU3AS2,Area of Study 2 - Land use change,Outcome 2,VCEGEU3AS2O2KK,Activity,Bullet,"Create a map using GIS to represent the primary data collected in the field, as well as secondary data from online databases, in order to answer the research question.",,,,16
Humanities,Geography,Year 12,Unit 3,VCEGEU3AS2,Area of Study 2 - Land use change,Outcome 2,VCEGEU3AS2O2KK,Activity,Bullet,"Draw a sketch map of the area that has undergone a land use change and its surrounding region or create a map with layers using GIS software (Google My Maps, Scribble Maps or ArcGIS). Annotate it to show positive and negative impacts of the land use change on people and the natural and built environment.",,,,17
Humanities,Geography,Year 12,Unit 3,VCEGEU3AS2,Area of Study 2 - Land use change,Outcome 2,VCEGEU3AS2O2KK,Activity,Bullet,"Create a table showing the positive and negative impacts or predicted impacts of the land use change on the selected area and its surrounding region. Points should be supported with reference to secondary sources (such as local government planning document, developer masterplan, ABS statistics, topographic map) and primary sources (such as class survey results, pedestrian count, annotated ground photographs and mapped observations).",,,,18
Humanities,Geography,Year 12,Unit 3,VCEGEU3AS2,Area of Study 2 - Land use change,Outcome 2,VCEGEU3AS2O2KK,DetailedExample,Paragraph,Create a GIS Map using primary and secondary data for a fieldwork report,,,,19
Humanities,Geography,Year 12,Unit 3,VCEGEU3AS2,Area of Study 2 - Land use change,Outcome 2,VCEGEU3AS2O2KK,DetailedExampleStep,Paragraph,"Online GIS mapping tools such as Google My Maps or ArcGIS online allow students to create maps using both primary data collected in the field, or secondary data downloaded from online databases.",,,,20
Humanities,Geography,Year 12,Unit 3,VCEGEU3AS2,Area of Study 2 - Land use change,Outcome 2,VCEGEU3AS2O2KK,DetailedExampleStep,Paragraph,Collecting primary data in the field,,,,21
Humanities,Geography,Year 12,Unit 3,VCEGEU3AS2,Area of Study 2 - Land use change,Outcome 2,VCEGEU3AS2O2KK,DetailedExampleStep,Bullet,"For information on how to collect primary data in the field using geospatial technologies, see the detailed example for Unit 2 Area of Study 2 - Tourism.",,,,22
Humanities,Geography,Year 12,Unit 3,VCEGEU3AS2,Area of Study 2 - Land use change,Outcome 2,VCEGEU3AS2O2KK,DetailedExampleStep,Paragraph,Finding secondary data,,,,23
Humanities,Geography,Year 12,Unit 3,VCEGEU3AS2,Area of Study 2 - Land use change,Outcome 2,VCEGEU3AS2O2KK,DetailedExampleStep,Bullet,"When the fieldwork has been completed, students consider how the data they have collected should be represented to support their findings when responding to their research question.",,,,24
Humanities,Geography,Year 12,Unit 3,VCEGEU3AS2,Area of Study 2 - Land use change,Outcome 2,VCEGEU3AS2O2KK,DetailedExampleStep,Bullet,Students may find that more evidence is needed from secondary online databases to enhance the discussions in their fieldwork report. This could include further population data from the ABS to discuss land use change or other data collected or downloaded from local government authorities.,,,,25
Humanities,Geography,Year 12,Unit 3,VCEGEU3AS2,Area of Study 2 - Land use change,Outcome 2,VCEGEU3AS2O2KK,DetailedExampleStep,Bullet,Students should be provided with opportunities for discussion to consider the types of data they may need and how this data will support their research question.,,,,26
Humanities,Geography,Year 12,Unit 3,VCEGEU3AS2,Area of Study 2 - Land use change,Outcome 2,VCEGEU3AS2O2KK,DetailedExampleStep,Paragraph,Creating a map with secondary data,,,,27
Humanities,Geography,Year 12,Unit 3,VCEGEU3AS2,Area of Study 2 - Land use change,Outcome 2,VCEGEU3AS2O2KK,DetailedExampleStep,Bullet,Many online databases provide the option to download data as a .csv file. Often these databases also allow the user to filter and refine the data prior to download. This is important for students because it enables them to quickly 'clean' and upload the data.,,,,28
Humanities,Geography,Year 12,Unit 3,VCEGEU3AS2,Area of Study 2 - Land use change,Outcome 2,VCEGEU3AS2O2KK,DetailedExampleStep,Bullet,"The secondary data must include a 'location' column (Latitude and longitude, suburb, state, country) for it to be mapped.",,,,29
Humanities,Geography,Year 12,Unit 3,VCEGEU3AS2,Area of Study 2 - Land use change,Outcome 2,VCEGEU3AS2O2KK,DetailedExampleStep,Bullet,Students should follow the steps outlined in the detailed example in Unit 2 Area of Study 2 to 'clean' and import the secondary data into an online spatial tool such as Google My Maps or ArcGIS online.,,,,30
Humanities,Geography,Year 12,Unit 3,VCEGEU3AS2,Area of Study 2 - Land use change,Outcome 2,VCEGEU3AS2O2KK,DetailedExampleStep,Bullet,"Each layer of data that is imported should be a different column on the spreadsheet. For example, students could import ABS data on 'population density' for each suburb as one layer of data, followed by 'dwelling type' as a second layer to show a change in land use from industrial to residential in a locality.",,,,31
Humanities,Geography,Year 12,Unit 3,VCEGEU3AS2,Area of Study 2 - Land use change,Outcome 2,VCEGEU3AS2O2KK,DetailedExampleStep,Bullet,"Students may also choose to consider existing layers of data on Google Maps, including elevation or traffic data, when creating their maps.",,,,32
Humanities,Geography,Year 12,Unit 3,VCEGEU3AS2,Area of Study 2 - Land use change,Outcome 2,VCEGEU3AS2O2KK,DetailedExampleStep,Paragraph,Additional Information,,,,33
Humanities,Geography,Year 12,Unit 3,VCEGEU3AS2,Area of Study 2 - Land use change,Outcome 2,VCEGEU3AS2O2KK,DetailedExampleStep,Paragraph,"If students are creating a map using country data, Microsoft Excel has an option to create a choropleth map of data from a .csv file.",,,,34
Humanities,Geography,Year 12,Unit 3,VCEGEU3AS2,Area of Study 2 - Land use change,Outcome 2,VCEGEU3AS2O2KK,DetailedExampleStep,Paragraph,Https://www.vcaa.vic.edu.au/curriculum/vce-curriculum/vce-study-designs/geography/advice-teachers/advice-teachers-geography-1,,,,35
Humanities,Geography,Year 12,Unit 4,VCEGEU4,,,,,UnitHeading,Unit 4 - Human population: trends and issues,,,,1
Humanities,Geography,Year 12,Unit 4,VCEGEU4AS1,Area of Study 1 - Population dynamics,Outcome 1,,,OutcomeHeading,Outcome 1,,,,1
Humanities,Geography,Year 12,Unit 4,VCEGEU4AS1,Area of Study 1 - Population dynamics,Outcome 1,,,OutcomeDescription,On completion of this unit the student should be able to analyse and discuss population dynamics on a global scale.,,,,2
Humanities,Geography,Year 12,Unit 4,VCEGEU4AS1,Area of Study 1 - Population dynamics,Outcome 1,,,SectionHeading,Examples of learning activities,,,,3
Humanities,Geography,Year 12,Unit 4,VCEGEU4AS1,Area of Study 1 - Population dynamics,Outcome 1,VCEGEU4AS1O1KK,Activity,Bullet,View a satellite image of the world showing its population distribution and use the thinking routine 'What do you see? What do you think? What do you wonder?',,,,4
Humanities,Geography,Year 12,Unit 4,VCEGEU4AS1,Area of Study 1 - Population dynamics,Outcome 1,VCEGEU4AS1O1KS,Activity,Bullet,"Describe the distribution of the world's population using a current world map, with reference to specific regions and countries.",,,,5
Humanities,Geography,Year 12,Unit 4,VCEGEU4AS1,Area of Study 1 - Population dynamics,Outcome 1,VCEGEU4AS1O1KK,Activity,Bullet,"Write an extended response to the following question: 'To what extent is there a spatial association between population characteristics on a global scale?' In your answer, refer to two of the following population characteristics: birth rate, death rate, infant mortality rate, fertility rate, life expectancy.",,,,6
Humanities,Geography,Year 12,Unit 4,VCEGEU4AS1,Area of Study 1 - Population dynamics,Outcome 1,VCEGEU4AS1O1KK,Activity,Bullet,Develop a glossary of key terms used in studying population dynamics.,,,,7
Humanities,Geography,Year 12,Unit 4,VCEGEU4AS1,Area of Study 1 - Population dynamics,Outcome 1,VCEGEU4AS1O1KK,Activity,Bullet,"Access a graph, or use an online visual database such as Gapminder, that shows the growth of global population from the 1700s until the present and describe the trend for the following periods: 1700-1900, 1900-1950, 1950 to the present.",,,,8
Humanities,Geography,Year 12,Unit 4,VCEGEU4AS1,Area of Study 1 - Population dynamics,Outcome 1,VCEGEU4AS1O1KK,Activity,Bullet,"Research key economic, social, political, environmental and cultural factors that have led to changes in global population growth, structure and distribution since the 1950s. Create a collaborative annotated timeline to describe these factors.",,,,9
Humanities,Geography,Year 12,Unit 4,VCEGEU4AS1,Area of Study 1 - Population dynamics,Outcome 1,VCEGEU4AS1O1KK,Activity,Bullet,Read the UN report predicting global population growth since the 1950s. Identify and summarise the main predicted trends. The report can be found at the UN Department of Economic and Social Affairs (Population),,,,10
Humanities,Geography,Year 12,Unit 4,VCEGEU4AS1,Area of Study 1 - Population dynamics,Outcome 1,VCEGEU4AS1O1KK,Activity,Bullet,Develop a portfolio of written analyses of population structure graphs.,,,,11
Humanities,Geography,Year 12,Unit 4,VCEGEU4AS1,Area of Study 1 - Population dynamics,Outcome 1,VCEGEU4AS1O1KK,Activity,Bullet,"View a YouTube clip summarising Malthusian theory and create an annotated sketch graph explaining the relationship Malthus espoused between population growth and environmental, social, cultural, and economic sustainability.",,,,12
Humanities,Geography,Year 12,Unit 4,VCEGEU4AS1,Area of Study 1 - Population dynamics,Outcome 1,VCEGEU4AS1O1KK,Activity,Bullet,"In pairs or small groups, investigate a series of case studies focusing on population movements in the last two decades. Case study examples could include examples of voluntary and forced migration, permanent and short-term population movement. Consider how the population movements have affected the population structures and social, environmental and economic conditions of the source and host destinations. Present findings to the class on an annotated map or using online spatial tools such as Google My Maps or ArcGIS online.",,,,13
Humanities,Geography,Year 12,Unit 4,VCEGEU4AS1,Area of Study 1 - Population dynamics,Outcome 1,VCEGEU4AS1O1KS,Activity,Bullet,"Discuss the reasons for differences in population structures and dynamics within a country: for example, differences between population characteristics of indigenous and non-indigenous populations, between rural and urban populations, and between refugee and non-refugee populations. Create a summary of these reasons with statistical evidence from specific countries.",,,,14
Humanities,Geography,Year 12,Unit 4,VCEGEU4AS1,Area of Study 1 - Population dynamics,Outcome 1,VCEGEU4AS1O1KK,DetailedExample,Paragraph,Analysis of population structure graphs,,,,15
Humanities,Geography,Year 12,Unit 4,VCEGEU4AS1,Area of Study 1 - Population dynamics,Outcome 1,VCEGEU4AS1O1KK,DetailedExampleStep,Paragraph,This activity helps to (a) consolidate students' skills in interpreting population structure graphs and (b) apply their knowledge of the Demographic Transition Model. It provides practice for the School-assessed Coursework task in data analysis.,,,,16
Humanities,Geography,Year 12,Unit 4,VCEGEU4AS1,Area of Study 1 - Population dynamics,Outcome 1,VCEGEU4AS1O1KK,DetailedExampleStep,Paragraph,"Provide students with population structure graphs from countries with contrasting population characteristics: for example, Niger, Italy, Australia, Dubai, Japan and Brazil. Each student could be allocated a different country and then share their completed analysis with the class orally or online.",,,,17
Humanities,Geography,Year 12,Unit 4,VCEGEU4AS1,Area of Study 1 - Population dynamics,Outcome 1,VCEGEU4AS1O1KS,DetailedExampleStep,Paragraph,Students analyse the population structure diagrams using the following as a guide:,,,,18
Humanities,Geography,Year 12,Unit 4,VCEGEU4AS1,Area of Study 1 - Population dynamics,Outcome 1,VCEGEU4AS1O1KK,DetailedExampleStep,Bullet,"What proportion of the population is in each of the following groups: young dependents, economically active, elderly dependent?",,,,19
Humanities,Geography,Year 12,Unit 4,VCEGEU4AS1,Area of Study 1 - Population dynamics,Outcome 1,VCEGEU4AS1O1KS,DetailedExampleStep,Bullet,Describe the trend in the birth rates over the last 20 years.,,,,20
Humanities,Geography,Year 12,Unit 4,VCEGEU4AS1,Area of Study 1 - Population dynamics,Outcome 1,VCEGEU4AS1O1KK,DetailedExampleStep,Bullet,What conclusion can be drawn about life expectancy in this country?,,,,21
Humanities,Geography,Year 12,Unit 4,VCEGEU4AS1,Area of Study 1 - Population dynamics,Outcome 1,VCEGEU4AS1O1KS,DetailedExampleStep,Bullet,Describe the proportion of males to females across different age groups. Is it consistent or are there any variations?,,,,22
Humanities,Geography,Year 12,Unit 4,VCEGEU4AS1,Area of Study 1 - Population dynamics,Outcome 1,VCEGEU4AS1O1KS,DetailedExampleStep,Bullet,Identify any unusual features in the population structure. An extension activity could explore the explanation of these features.,,,,23
Humanities,Geography,Year 12,Unit 4,VCEGEU4AS1,Area of Study 1 - Population dynamics,Outcome 1,VCEGEU4AS1O1KS,DetailedExampleStep,Bullet,"Identify which stage of the Demographic Transition Model this country is likely to be in. Justify your answer with reference to death rates, birth rates and growth rates.",,,,24
Humanities,Geography,Year 12,Unit 4,VCEGEU4AS1,Area of Study 1 - Population dynamics,Outcome 1,VCEGEU4AS1O1KK,DetailedExampleStep,Bullet,Sketch the predicted shape of this country's population in the year 2040 if the birth rate were to remain stable for the next 20 years.,,,,25
Humanities,Geography,Year 12,Unit 4,VCEGEU4AS1,Area of Study 1 - Population dynamics,Outcome 1,VCEGEU4AS1O1KK,DetailedExampleStep,Paragraph,Suggested online sources:,,,,26
Humanities,Geography,Year 12,Unit 4,VCEGEU4AS1,Area of Study 1 - Population dynamics,Outcome 1,VCEGEU4AS1O1KK,DetailedExampleStep,Paragraph,Our World in Data,,,,27
Humanities,Geography,Year 12,Unit 4,VCEGEU4AS1,Area of Study 1 - Population dynamics,Outcome 1,VCEGEU4AS1O1KK,DetailedExampleStep,Paragraph,Population Reference Bureau,,,,28
Humanities,Geography,Year 12,Unit 4,VCEGEU4AS1,Area of Study 1 - Population dynamics,Outcome 1,VCEGEU4AS1O1KK,DetailedExampleStep,Paragraph,Worldometers,,,,29
Humanities,Geography,Year 12,Unit 4,VCEGEU4AS2,Area of Study 2 - Population issues and challenges,Outcome 2,,,OutcomeHeading,Outcome 2,,,,1
Humanities,Geography,Year 12,Unit 4,VCEGEU4AS2,Area of Study 2 - Population issues and challenges,Outcome 2,,,OutcomeDescription,On completion of this unit the student should be able to analyse the nature of significant population issues and challenges in selected countries and evaluate strategies in response to these.,,,,2
Humanities,Geography,Year 12,Unit 4,VCEGEU4AS2,Area of Study 2 - Population issues and challenges,Outcome 2,,,SectionHeading,Examples of learning activities,,,,3
Humanities,Geography,Year 12,Unit 4,VCEGEU4AS2,Area of Study 2 - Population issues and challenges,Outcome 2,VCEGEU4AS2O2KK,Activity,Bullet,"View a YouTube clip or news report highlighting issues facing a country with an ageing population or a country with a growing population. Discuss the major issues identified (for example, meeting the social welfare needs of an ageing population or providing education for a growing population) and the resulting challenges for that country.",,,,4
Humanities,Geography,Year 12,Unit 4,VCEGEU4AS2,Area of Study 2 - Population issues and challenges,Outcome 2,VCEGEU4AS2O2KK,Activity,Bullet,"Read an article about a country with a growing or ageing population. As a class, brainstorm the challenges this country could face when responding to this trend. Examples could include (among others): lack of economic development, high teenage pregnancy rates, high older age dependency rates.",,,,5
Humanities,Geography,Year 12,Unit 4,VCEGEU4AS2,Area of Study 2 - Population issues and challenges,Outcome 2,VCEGEU4AS2O2KK,Activity,Bullet,"Collect data from a site such as the United Nation Population Fund to create a series of pictograms about the population characteristics and dynamics of a country with a growing or ageing population. Population characteristics could include: population growth over time, growth rate, fertility rate, death rate, infant mortality rate.",,,,6
Humanities,Geography,Year 12,Unit 4,VCEGEU4AS2,Area of Study 2 - Population issues and challenges,Outcome 2,VCEGEU4AS2O2KK,Activity,Bullet,Write an extended response about a country with an ageing or growing population. The response should:,,,,7
Humanities,Geography,Year 12,Unit 4,VCEGEU4AS2,Area of Study 2 - Population issues and challenges,Outcome 2,VCEGEU4AS2O2KS,Activity,Bullet,"Identify and justify which stage of the Demographic Transition Model the population is in, using supporting evidence",Write an extended response about a country with an ageing or growing population. The response should:,,,8
Humanities,Geography,Year 12,Unit 4,VCEGEU4AS2,Area of Study 2 - Population issues and challenges,Outcome 2,VCEGEU4AS2O2KK,Activity,Bullet,Explain how the country's gender and age structure could create specific issues and challenges for it.,Write an extended response about a country with an ageing or growing population. The response should:,,,9
Humanities,Geography,Year 12,Unit 4,VCEGEU4AS2,Area of Study 2 - Population issues and challenges,Outcome 2,VCEGEU4AS2O2KS,Activity,Bullet,Use choropleth maps to describe the distribution of countries worldwide that have growing and ageing populations. Use this data to explain in what way the selected case studies' populations reflect global population trends.,,,,10
Humanities,Geography,Year 12,Unit 4,VCEGEU4AS2,Area of Study 2 - Population issues and challenges,Outcome 2,VCEGEU4AS2O2KK,Activity,Bullet,Draw an annotated sketch map of a country with an ageing or growing population to show the location and scale of population movement. This could include internal population movement (such as rural-urban migration) or external movement (such as outward emigration for work or inward refugee/migrant intake).,,,,11
Humanities,Geography,Year 12,Unit 4,VCEGEU4AS2,Area of Study 2 - Population issues and challenges,Outcome 2,VCEGEU4AS2O2KK,Activity,Bullet,Create a collaborative mind map showing the interconnections between the:,,,,12
Humanities,Geography,Year 12,Unit 4,VCEGEU4AS2,Area of Study 2 - Population issues and challenges,Outcome 2,VCEGEU4AS2O2KK,Activity,Bullet,"Main causes of population change in a country with a growing or ageing population: for example, political policies, changing status of women, economic development",Create a collaborative mind map showing the interconnections between the:,,,13
Humanities,Geography,Year 12,Unit 4,VCEGEU4AS2,Area of Study 2 - Population issues and challenges,Outcome 2,VCEGEU4AS2O2KK,Activity,Bullet,Key impacts of population change on people and the environment in a country,Create a collaborative mind map showing the interconnections between the:,,,14
Humanities,Geography,Year 12,Unit 4,VCEGEU4AS2,Area of Study 2 - Population issues and challenges,Outcome 2,VCEGEU4AS2O2KK,Activity,Bullet,Main issues to be addressed in the future.,Create a collaborative mind map showing the interconnections between the:,,,15
Humanities,Geography,Year 12,Unit 4,VCEGEU4AS2,Area of Study 2 - Population issues and challenges,Outcome 2,VCEGEU4AS2O2KS,Activity,Bullet,"Identify an issue facing a country with a growing population or an ageing population, such as the environmental impact of the growth of slums or the provision of pensions. Research a government and non-government strategy in response to this issue.",,,,16
Humanities,Geography,Year 12,Unit 4,VCEGEU4AS2,Area of Study 2 - Population issues and challenges,Outcome 2,VCEGEU4AS2O2KS,Activity,Bullet,"Develop and apply appropriate criteria to evaluate the effectiveness of two strategies used in a country to address a population issue, taking into consideration the environmental, economic, social and cultural impacts of the strategies.",,,,17
Humanities,Geography,Year 12,Unit 4,VCEGEU4AS2,Area of Study 2 - Population issues and challenges,Outcome 2,VCEGEU4AS2O2KK,Activity,Bullet,Investigate how local and state governments use geospatial technologies to respond to population issues.,,,,18
Humanities,Geography,Year 12,Unit 4,VCEGEU4AS2,Area of Study 2 - Population issues and challenges,Outcome 2,VCEGEU4AS2O2KK,DetailedExample,Paragraph,Responding to population issues using census data and geospatial technologies,,,,19
Humanities,Geography,Year 12,Unit 4,VCEGEU4AS2,Area of Study 2 - Population issues and challenges,Outcome 2,VCEGEU4AS2O2KK,DetailedExampleStep,Paragraph,The purpose of this activity is for students to:,,,,20
Humanities,Geography,Year 12,Unit 4,VCEGEU4AS2,Area of Study 2 - Population issues and challenges,Outcome 2,VCEGEU4AS2O2KK,DetailedExampleStep,Bullet,Investigate how local and state governments use geospatial technologies to respond to population issues,,,,21
Humanities,Geography,Year 12,Unit 4,VCEGEU4AS2,Area of Study 2 - Population issues and challenges,Outcome 2,VCEGEU4AS2O2KS,DetailedExampleStep,Bullet,Evaluate the effectiveness of geospatial technologies in the development and implementation of these strategies.,,,,22
Humanities,Geography,Year 12,Unit 4,VCEGEU4AS2,Area of Study 2 - Population issues and challenges,Outcome 2,VCEGEU4AS2O2KS,DetailedExampleStep,Paragraph,Students apply this approach to a case study in Area of Study 2 (a growing or ageing population) using a case study of a local or state population issue.,,,,23
Humanities,Geography,Year 12,Unit 4,VCEGEU4AS2,Area of Study 2 - Population issues and challenges,Outcome 2,VCEGEU4AS2O2KK,DetailedExampleStep,Paragraph,Part A - The local or state population Issue,,,,24
Humanities,Geography,Year 12,Unit 4,VCEGEU4AS2,Area of Study 2 - Population issues and challenges,Outcome 2,VCEGEU4AS2O2KS,DetailedExampleStep,Paragraph,"Brainstorm and identify current local or state population issues (for example, a suburban high school at full capacity, lack of public transport infrastructure in a new outer suburb of a city, loss of population in a regional town).",,,,25
Humanities,Geography,Year 12,Unit 4,VCEGEU4AS2,Area of Study 2 - Population issues and challenges,Outcome 2,VCEGEU4AS2O2KK,DetailedExampleStep,Paragraph,Divide the class into groups and allocate a local or state population issue to each group.,,,,26
Humanities,Geography,Year 12,Unit 4,VCEGEU4AS2,Area of Study 2 - Population issues and challenges,Outcome 2,VCEGEU4AS2O2KK,DetailedExampleStep,Paragraph,"In the groups, students research their issue using the following guiding questions:;",,,,27
Humanities,Geography,Year 12,Unit 4,VCEGEU4AS2,Area of Study 2 - Population issues and challenges,Outcome 2,VCEGEU4AS2O2KK,DetailedExampleStep,Bullet,What is the issue?,,,,28
Humanities,Geography,Year 12,Unit 4,VCEGEU4AS2,Area of Study 2 - Population issues and challenges,Outcome 2,VCEGEU4AS2O2KK,DetailedExampleStep,Bullet,Why is it occurring?,,,,29
Humanities,Geography,Year 12,Unit 4,VCEGEU4AS2,Area of Study 2 - Population issues and challenges,Outcome 2,VCEGEU4AS2O2KK,DetailedExampleStep,Bullet,"What types of geospatial data would be needed to analyse this issue in order to devise a strategy to manage it? (Students should be specific here: for example, ABS data - no. of children under 5; or ABS data - no. of vehicles per dwelling).",,,,30
Humanities,Geography,Year 12,Unit 4,VCEGEU4AS2,Area of Study 2 - Population issues and challenges,Outcome 2,VCEGEU4AS2O2KK,DetailedExampleStep,Bullet,What geospatial technologies would be used to collect and represent this data?,,,,31
Humanities,Geography,Year 12,Unit 4,VCEGEU4AS2,Area of Study 2 - Population issues and challenges,Outcome 2,VCEGEU4AS2O2KK,DetailedExampleStep,Bullet,Why are geospatial technologies the most effective way to manage this population issue?,,,,32
Humanities,Geography,Year 12,Unit 4,VCEGEU4AS2,Area of Study 2 - Population issues and challenges,Outcome 2,VCEGEU4AS2O2KK,DetailedExampleStep,Paragraph,"Each group prepares a brief to present to the local or state government authority, providing information on how they would use geospatial technologies to collect data and analyse the causes and impacts of the issue.",,,,33
Humanities,Geography,Year 12,Unit 4,VCEGEU4AS2,Area of Study 2 - Population issues and challenges,Outcome 2,VCEGEU4AS2O2KK,DetailedExampleStep,Paragraph,Part B - Presentation of findings,,,,34
Humanities,Geography,Year 12,Unit 4,VCEGEU4AS2,Area of Study 2 - Population issues and challenges,Outcome 2,VCEGEU4AS2O2KK,DetailedExampleStep,Paragraph,"Students synthesise their findings into a five-minute brief that includes only five slides. Students present their slides and also provide peer-feedback for each other's presentations, focusing on evidence and clarity of discussion.",,,,35
