SubjectArea,Subject,Band,Unit,UnitASCode,StreamUnitASCode,AreaofStudy,StreamHeader,OutcomeCode,Outcome,OutcomeStudentType,OutcomeDescription,Type,Statement,ParentStatement,Level,Sequence
Business and Economics,Business Management,Year 11,Unit 1,VCEBMU1AS1,,Area of Study 1 - The business idea,,VCEBMU1AS1O1KK,Outcome 1,Business Management Students,,Key Knowledge,The concept of entrepreneurship,,1,1
Business and Economics,Business Management,Year 11,Unit 1,VCEBMU1AS1,,Area of Study 1 - The business idea,,VCEBMU1AS1O1KK,Outcome 1,Business Management Students,,Key Knowledge,"The personal motivation behind starting a business such as the desire for financial and personal independence, to make a profit and to fulfil a market and/or social need",,1,2
Business and Economics,Business Management,Year 11,Unit 1,VCEBMU1AS1,,Area of Study 1 - The business idea,,VCEBMU1AS1O1KK,Outcome 1,Business Management Students,,Key Knowledge,The characteristics of successful business managers and business entrepreneurs and how these characteristics contribute to business success,,1,3
Business and Economics,Business Management,Year 11,Unit 1,VCEBMU1AS1,,Area of Study 1 - The business idea,,VCEBMU1AS1O1KK,Outcome 1,Business Management Students,,Key Knowledge,"Sources of business opportunity such as innovation, recognising and taking advantage of market opportunities, changing customer needs, research and development, technological development
and global markets",,1,4
Business and Economics,Business Management,Year 11,Unit 1,VCEBMU1AS1,,Area of Study 1 - The business idea,,VCEBMU1AS1O1KK,Outcome 1,Business Management Students,,Key Knowledge,The importance of goal setting and decision-making in business,,1,5
Business and Economics,Business Management,Year 11,Unit 1,VCEBMU1AS1,,Area of Study 1 - The business idea,,VCEBMU1AS1O1KK,Outcome 1,Business Management Students,,Key Knowledge,The importance of business concept development,,1,6
Business and Economics,Business Management,Year 11,Unit 1,VCEBMU1AS1,,Area of Study 1 - The business idea,,VCEBMU1AS1O1KK,Outcome 1,Business Management Students,,Key Knowledge,The relationship between business opportunities and business concept development,,1,7
Business and Economics,Business Management,Year 11,Unit 1,VCEBMU1AS1,,Area of Study 1 - The business idea,,VCEBMU1AS1O1KK,Outcome 1,Business Management Students,,Key Knowledge,Market research and initial feasibility studies,,1,8
Business and Economics,Business Management,Year 11,Unit 1,VCEBMU1AS1,,Area of Study 1 - The business idea,,VCEBMU1AS1O1KK,Outcome 1,Business Management Students,,Key Knowledge,The contribution that businesses make to the economic and social wellbeing of a nation,,1,9
Business and Economics,Business Management,Year 11,Unit 1,VCEBMU1AS1,,Area of Study 1 - The business idea,,VCEBMU1AS1O1KK,Outcome 1,Business Management Students,,Key Knowledge,"The methods by which a culture of business innovation and entrepreneurship may be fostered in
a nation, such as government investment in research and development, council grants for new businesses, school-based educational programs in entrepreneurship, and the creation of regional business start-up hubs",,1,10
Business and Economics,Business Management,Year 11,Unit 1,VCEBMU1AS1,,Area of Study 1 - The business idea,,VCEBMU1AS1O1KS,Outcome 1,Business Management Students,,Key Skills,"Identify, define, describe and apply business management concepts and terms",,1,1
Business and Economics,Business Management,Year 11,Unit 1,VCEBMU1AS1,,Area of Study 1 - The business idea,,VCEBMU1AS1O1KS,Outcome 1,Business Management Students,,Key Skills,"Interpret, discuss and compare business information and ideas",,1,2
Business and Economics,Business Management,Year 11,Unit 1,VCEBMU1AS1,,Area of Study 1 - The business idea,,VCEBMU1AS1O1KS,Outcome 1,Business Management Students,,Key Skills,Analyse case studies and contemporary examples of business management,,1,3
Business and Economics,Business Management,Year 11,Unit 1,VCEBMU1AS1,,Area of Study 1 - The business idea,,VCEBMU1AS1O1KS,Outcome 1,Business Management Students,,Key Skills,Apply business management knowledge to practical and/or simulated business situations,,1,4
Business and Economics,Business Management,Year 11,Unit 1,VCEBMU1AS2,,Area of Study 2 - Internal business environment and planning,,VCEBMU1AS2O2KK,Outcome 2,Business Management Students,,Key Knowledge,The relationship between the internal environment and the external environment of a business,,1,1
Business and Economics,Business Management,Year 11,Unit 1,VCEBMU1AS2,,Area of Study 2 - Internal business environment and planning,,VCEBMU1AS2O2KK,Outcome 2,Business Management Students,,Key Knowledge,"Types of businesses such as sole trader, partnership, private limited company, public listed company, social enterprises and government business enterprises, and the factors affecting the choice of business structure",,1,2
Business and Economics,Business Management,Year 11,Unit 1,VCEBMU1AS2,,Area of Study 2 - Internal business environment and planning,,VCEBMU1AS2O2KK,Outcome 2,Business Management Students,,Key Knowledge,"Types of business models such as online business, direct-to-consumer business, bricks-and-mortar business, franchise, importer and exporter",,1,3
Business and Economics,Business Management,Year 11,Unit 1,VCEBMU1AS2,,Area of Study 2 - Internal business environment and planning,,VCEBMU1AS2O2KK,Outcome 2,Business Management Students,,Key Knowledge,Costs and benefits of purchasing an existing business compared with establishing a new business,,1,4
Business and Economics,Business Management,Year 11,Unit 1,VCEBMU1AS2,,Area of Study 2 - Internal business environment and planning,,VCEBMU1AS2O2KK,Outcome 2,Business Management Students,,Key Knowledge,"Business resource needs (natural, labour and capital) and the factors affecting the use of business resources",,1,5
Business and Economics,Business Management,Year 11,Unit 1,VCEBMU1AS2,,Area of Study 2 - Internal business environment and planning,,VCEBMU1AS2O2KK,Outcome 2,Business Management Students,,Key Knowledge,Business locations and the factors affecting choice of location,,1,6
Business and Economics,Business Management,Year 11,Unit 1,VCEBMU1AS2,,Area of Study 2 - Internal business environment and planning,,VCEBMU1AS2O2KK,Outcome 2,Business Management Students,,Key Knowledge,Sources of finance available to establish a business and the factors affecting the type and source of finance chosen,,1,7
Business and Economics,Business Management,Year 11,Unit 1,VCEBMU1AS2,,Area of Study 2 - Internal business environment and planning,,VCEBMU1AS2O2KK,Outcome 2,Business Management Students,,Key Knowledge,"Business support services such as legal, financial, technological, community-based, formal and informal networks, and business mentors",,1,8
Business and Economics,Business Management,Year 11,Unit 1,VCEBMU1AS2,,Area of Study 2 - Internal business environment and planning,,VCEBMU1AS2O2KK,Outcome 2,Business Management Students,,Key Knowledge,"Planning analysis tools to assist in determining the strengths and weaknesses of decisions regarding changing internal factors, such as SWOT analysis",,1,9
Business and Economics,Business Management,Year 11,Unit 1,VCEBMU1AS2,,Area of Study 2 - Internal business environment and planning,,VCEBMU1AS2O2KK,Outcome 2,Business Management Students,,Key Knowledge,"Overview of business plans, including the benefits of using them and an outline of their key features",,1,10
Business and Economics,Business Management,Year 11,Unit 1,VCEBMU1AS2,,Area of Study 2 - Internal business environment and planning,,VCEBMU1AS2O2KK,Outcome 2,Business Management Students,,Key Knowledge,Corporate social responsibility considerations and business planning,,1,11
Business and Economics,Business Management,Year 11,Unit 1,VCEBMU1AS2,,Area of Study 2 - Internal business environment and planning,,VCEBMU1AS2O2KS,Outcome 2,Business Management Students,,Key Skills,"Identify, define, describe and apply business management concepts and terms",,1,1
Business and Economics,Business Management,Year 11,Unit 1,VCEBMU1AS2,,Area of Study 2 - Internal business environment and planning,,VCEBMU1AS2O2KS,Outcome 2,Business Management Students,,Key Skills,"Interpret, discuss, compare and evaluate business information and ideas",,1,2
Business and Economics,Business Management,Year 11,Unit 1,VCEBMU1AS2,,Area of Study 2 - Internal business environment and planning,,VCEBMU1AS2O2KS,Outcome 2,Business Management Students,,Key Skills,Analyse case studies and contemporary examples of business management,,1,3
Business and Economics,Business Management,Year 11,Unit 1,VCEBMU1AS2,,Area of Study 2 - Internal business environment and planning,,VCEBMU1AS2O2KS,Outcome 2,Business Management Students,,Key Skills,Apply business management knowledge to practical and/or simulated business situations,,1,4
Business and Economics,Business Management,Year 11,Unit 1,VCEBMU1AS3,,Area of Study 3 - External business environment and planning,,VCEBMU1AS3O3KK,Outcome 3,Business Management Students,,Key Knowledge,An overview of the factors within the external (macro and operating) environment that affect business planning,,1,1
Business and Economics,Business Management,Year 11,Unit 1,VCEBMU1AS3,,Area of Study 3 - External business environment and planning,,VCEBMU1AS3O3KK,Outcome 3,Business Management Students,,Key Knowledge,Macro factors affecting business planning,,1,2
Business and Economics,Business Management,Year 11,Unit 1,VCEBMU1AS3,,Area of Study 3 - External business environment and planning,,VCEBMU1AS3O3KK,Outcome 3,Business Management Students,,Key Knowledge,An overview of key legal and government regulations affecting businesses in the planning stage,,1,3
Business and Economics,Business Management,Year 11,Unit 1,VCEBMU1AS3,,Area of Study 3 - External business environment and planning,,VCEBMU1AS3O3KK,Outcome 3,Business Management Students,,Key Knowledge,"Societal attitudes and behaviour such as values, beliefs and trends",,1,4
Business and Economics,Business Management,Year 11,Unit 1,VCEBMU1AS3,,Area of Study 3 - External business environment and planning,,VCEBMU1AS3O3KK,Outcome 3,Business Management Students,,Key Knowledge,"Economic conditions such as interest rates, employment levels, tax rates and levels of consumer confidence",,1,5
Business and Economics,Business Management,Year 11,Unit 1,VCEBMU1AS3,,Area of Study 3 - External business environment and planning,,VCEBMU1AS3O3KK,Outcome 3,Business Management Students,,Key Knowledge,Technological considerations such as how the market may change in the future and how businesses adapt to developments in technology,,1,6
Business and Economics,Business Management,Year 11,Unit 1,VCEBMU1AS3,,Area of Study 3 - External business environment and planning,,VCEBMU1AS3O3KK,Outcome 3,Business Management Students,,Key Knowledge,"Global considerations such as overseas competitors, overseas markets, offshoring of labour, exchange rates, patenting, copyrights, trademarks and online sales",,1,7
Business and Economics,Business Management,Year 11,Unit 1,VCEBMU1AS3,,Area of Study 3 - External business environment and planning,,VCEBMU1AS3O3KK,Outcome 3,Business Management Students,,Key Knowledge,"Corporate social responsibility considerations related to business planning, such as environmental considerations and planning for socially responsible production of goods and services",,1,8
Business and Economics,Business Management,Year 11,Unit 1,VCEBMU1AS3,,Area of Study 3 - External business environment and planning,,VCEBMU1AS3O3KK,Outcome 3,Business Management Students,,Key Knowledge,Operating factors that affect business planning,,1,9
Business and Economics,Business Management,Year 11,Unit 1,VCEBMU1AS3,,Area of Study 3 - External business environment and planning,,VCEBMU1AS3O3KK,Outcome 3,Business Management Students,,Key Knowledge,Customer needs and expectations,,1,10
Business and Economics,Business Management,Year 11,Unit 1,VCEBMU1AS3,,Area of Study 3 - External business environment and planning,,VCEBMU1AS3O3KK,Outcome 3,Business Management Students,,Key Knowledge,Competitors' behaviour,,1,11
Business and Economics,Business Management,Year 11,Unit 1,VCEBMU1AS3,,Area of Study 3 - External business environment and planning,,VCEBMU1AS3O3KK,Outcome 3,Business Management Students,,Key Knowledge,"Suppliers of business resources and considerations regarding the supply chain, such as from where resources are sourced and how they reach the business",,1,12
Business and Economics,Business Management,Year 11,Unit 1,VCEBMU1AS3,,Area of Study 3 - External business environment and planning,,VCEBMU1AS3O3KK,Outcome 3,Business Management Students,,Key Knowledge,"Special interest groups such as environmental lobby groups, business associations and unions",,1,13
Business and Economics,Business Management,Year 11,Unit 1,VCEBMU1AS3,,Area of Study 3 - External business environment and planning,,VCEBMU1AS3O3KS,Outcome 3,Business Management Students,,Key Skills,"Identify, define, describe and apply business management concepts and terms",,1,1
Business and Economics,Business Management,Year 11,Unit 1,VCEBMU1AS3,,Area of Study 3 - External business environment and planning,,VCEBMU1AS3O3KS,Outcome 3,Business Management Students,,Key Skills,"Interpret, discuss, compare and evaluate business information and ideas",,1,2
Business and Economics,Business Management,Year 11,Unit 1,VCEBMU1AS3,,Area of Study 3 - External business environment and planning,,VCEBMU1AS3O3KS,Outcome 3,Business Management Students,,Key Skills,Analyse case studies and contemporary examples of business management,,1,3
Business and Economics,Business Management,Year 11,Unit 1,VCEBMU1AS3,,Area of Study 3 - External business environment and planning,,VCEBMU1AS3O3KS,Outcome 3,Business Management Students,,Key Skills,Apply business management knowledge to practical and/or simulated business situations,,1,4
Business and Economics,Business Management,Year 11,Unit 2,VCEBMU2AS1,,Area of Study 1 - Legal requirements and financial considerations,,VCEBMU2AS1O1KK,Outcome 1,Business Management Students,,Key Knowledge,"An overview of key legal requirements for establishing a business such as registering the business name, registering a website domain, trade practices legislation, business tax compliance and work
safe insurance",,1,1
Business and Economics,Business Management,Year 11,Unit 2,VCEBMU2AS1,,Area of Study 1 - Legal requirements and financial considerations,,VCEBMU2AS1O1KK,Outcome 1,Business Management Students,,Key Knowledge,An overview of the role of external professionals when establishing a business,,1,2
Business and Economics,Business Management,Year 11,Unit 2,VCEBMU2AS1,,Area of Study 1 - Legal requirements and financial considerations,,VCEBMU2AS1O1KK,Outcome 1,Business Management Students,,Key Knowledge,"The importance of establishing bank accounts, financial control systems and record-keeping strategies",,1,3
Business and Economics,Business Management,Year 11,Unit 2,VCEBMU2AS1,,Area of Study 1 - Legal requirements and financial considerations,,VCEBMU2AS1O1KK,Outcome 1,Business Management Students,,Key Knowledge,The importance of choosing appropriate suppliers including the benefits and limitations of suppliers that meet the corporate social responsibility objectives of the business,,1,4
Business and Economics,Business Management,Year 11,Unit 2,VCEBMU2AS1,,Area of Study 1 - Legal requirements and financial considerations,,VCEBMU2AS1O1KK,Outcome 1,Business Management Students,,Key Knowledge,The need for policies and procedures to achieve compliance with legal requirements and establish business routines,,1,5
Business and Economics,Business Management,Year 11,Unit 2,VCEBMU2AS1,,Area of Study 1 - Legal requirements and financial considerations,,VCEBMU2AS1O1KK,Outcome 1,Business Management Students,,Key Knowledge,"Technological and global issues that may affect decision-making when establishing a business, such
as generating customer databases and contacts with overseas suppliers and retailers",,1,6
Business and Economics,Business Management,Year 11,Unit 2,VCEBMU2AS1,,Area of Study 1 - Legal requirements and financial considerations,,VCEBMU2AS1O1KS,Outcome 1,Business Management Students,,Key Skills,"Identify, define, describe and apply business management concepts and terms",,1,1
Business and Economics,Business Management,Year 11,Unit 2,VCEBMU2AS1,,Area of Study 1 - Legal requirements and financial considerations,,VCEBMU2AS1O1KS,Outcome 1,Business Management Students,,Key Skills,"Interpret, discuss, compare and evaluate business information and ideas",,1,2
Business and Economics,Business Management,Year 11,Unit 2,VCEBMU2AS1,,Area of Study 1 - Legal requirements and financial considerations,,VCEBMU2AS1O1KS,Outcome 1,Business Management Students,,Key Skills,Analyse case studies and contemporary examples of business management,,1,3
Business and Economics,Business Management,Year 11,Unit 2,VCEBMU2AS1,,Area of Study 1 - Legal requirements and financial considerations,,VCEBMU2AS1O1KS,Outcome 1,Business Management Students,,Key Skills,Apply business management knowledge to practical and/or simulated business situations,,1,4
Business and Economics,Business Management,Year 11,Unit 2,VCEBMU2AS2,,Area of Study 2 - Marketing a business,,VCEBMU2AS2O2KK,Outcome 2,Business Management Students,,Key Knowledge,"The relationship between marketing, establishing a customer base and business objectives",,1,1
Business and Economics,Business Management,Year 11,Unit 2,VCEBMU2AS2,,Area of Study 2 - Marketing a business,,VCEBMU2AS2O2KK,Outcome 2,Business Management Students,,Key Knowledge,Internal and external (macro and operating) environment factors affecting the establishment of a customer base and creation of a brand identity,,1,2
Business and Economics,Business Management,Year 11,Unit 2,VCEBMU2AS2,,Area of Study 2 - Marketing a business,,VCEBMU2AS2O2KK,Outcome 2,Business Management Students,,Key Knowledge,"Market research practices such as data collection techniques, analysis and interpretation",,1,3
Business and Economics,Business Management,Year 11,Unit 2,VCEBMU2AS2,,Area of Study 2 - Marketing a business,,VCEBMU2AS2O2KK,Outcome 2,Business Management Students,,Key Knowledge,"Target market attributes such as market dimensions, segments, consumer trends and behaviour",,1,4
Business and Economics,Business Management,Year 11,Unit 2,VCEBMU2AS2,,Area of Study 2 - Marketing a business,,VCEBMU2AS2O2KK,Outcome 2,Business Management Students,,Key Knowledge,"The 7Ps model of marketing: product, price, place, promotion, people, physical evidence and process",,1,5
Business and Economics,Business Management,Year 11,Unit 2,VCEBMU2AS2,,Area of Study 2 - Marketing a business,,VCEBMU2AS2O2KK,Outcome 2,Business Management Students,,Key Knowledge,"The product life cycle: introduction, growth, maturity, decline, extension, and the relationship between each of these stages and the choice of marketing strategy",,1,6
Business and Economics,Business Management,Year 11,Unit 2,VCEBMU2AS2,,Area of Study 2 - Marketing a business,,VCEBMU2AS2O2KK,Outcome 2,Business Management Students,,Key Knowledge,The features and value of customer relations strategies such as providing quality customer service and establishing customer loyalty programs,,1,7
Business and Economics,Business Management,Year 11,Unit 2,VCEBMU2AS2,,Area of Study 2 - Marketing a business,,VCEBMU2AS2O2KK,Outcome 2,Business Management Students,,Key Knowledge,"Technological developments in marketing such as social media, email marketing, search engine optimisation, artificial intelligence, data analytics and management of data",,1,8
Business and Economics,Business Management,Year 11,Unit 2,VCEBMU2AS2,,Area of Study 2 - Marketing a business,,VCEBMU2AS2O2KK,Outcome 2,Business Management Students,,Key Knowledge,An overview of public relations and its relationship to business objectives,,1,9
Business and Economics,Business Management,Year 11,Unit 2,VCEBMU2AS2,,Area of Study 2 - Marketing a business,,VCEBMU2AS2O2KK,Outcome 2,Business Management Students,,Key Knowledge,"Public relations strategies such as planned and crisis public relations, the importance of maintaining a positive relationship with the customer base and the implications if this relationship is not maintained",,1,10
Business and Economics,Business Management,Year 11,Unit 2,VCEBMU2AS2,,Area of Study 2 - Marketing a business,,VCEBMU2AS2O2KK,Outcome 2,Business Management Students,,Key Knowledge,"Corporate social responsibility management considerations regarding establishment of a customer base, such as green marketing and the protection of customer privacy",,1,11
Business and Economics,Business Management,Year 11,Unit 2,VCEBMU2AS2,,Area of Study 2 - Marketing a business,,VCEBMU2AS2O2KS,Outcome 2,Business Management Students,,Key Skills,"Identify, define, describe and apply business management concepts and terms",,1,1
Business and Economics,Business Management,Year 11,Unit 2,VCEBMU2AS2,,Area of Study 2 - Marketing a business,,VCEBMU2AS2O2KS,Outcome 2,Business Management Students,,Key Skills,"Interpret, discuss, compare and evaluate business information and ideas",,1,2
Business and Economics,Business Management,Year 11,Unit 2,VCEBMU2AS2,,Area of Study 2 - Marketing a business,,VCEBMU2AS2O2KS,Outcome 2,Business Management Students,,Key Skills,Analyse case studies and contemporary examples of business management,,1,3
Business and Economics,Business Management,Year 11,Unit 2,VCEBMU2AS2,,Area of Study 2 - Marketing a business,,VCEBMU2AS2O2KS,Outcome 2,Business Management Students,,Key Skills,Apply business management knowledge to practical and/or simulated business situations,,1,4
Business and Economics,Business Management,Year 11,Unit 2,VCEBMU2AS3,,Area of Study 3 - Staffing a business,,VCEBMU2AS3O3KK,Outcome 3,Business Management Students,,Key Knowledge,The relationship between the performance of staff and achieving business objectives,,1,1
Business and Economics,Business Management,Year 11,Unit 2,VCEBMU2AS3,,Area of Study 3 - Staffing a business,,VCEBMU2AS3O3KK,Outcome 3,Business Management Students,,Key Knowledge,"Identification of the staffing needs of the business such as the knowledge, skills and ideas staff can contribute to the business",,1,2
Business and Economics,Business Management,Year 11,Unit 2,VCEBMU2AS3,,Area of Study 3 - Staffing a business,,VCEBMU2AS3O3KK,Outcome 3,Business Management Students,,Key Knowledge,The effects that developments in technology may have on staffing needs,,1,3
Business and Economics,Business Management,Year 11,Unit 2,VCEBMU2AS3,,Area of Study 3 - Staffing a business,,VCEBMU2AS3O3KK,Outcome 3,Business Management Students,,Key Knowledge,"Job analysis and its relationship to job design, job descriptions and job specifications",,1,4
Business and Economics,Business Management,Year 11,Unit 2,VCEBMU2AS3,,Area of Study 3 - Staffing a business,,VCEBMU2AS3O3KK,Outcome 3,Business Management Students,,Key Knowledge,Recruitment methods and the advantages and disadvantages of each method:,,1,5
Business and Economics,Business Management,Year 11,Unit 2,VCEBMU2AS3,,Area of Study 3 - Staffing a business,,VCEBMU2AS3O3KK,Outcome 3,Business Management Students,,Key Knowledge,Internal such as intranet and word of mouth,,1,6
Business and Economics,Business Management,Year 11,Unit 2,VCEBMU2AS3,,Area of Study 3 - Staffing a business,,VCEBMU2AS3O3KK,Outcome 3,Business Management Students,,Key Knowledge,"External such as websites, online recruitment agencies and social media",,1,7
Business and Economics,Business Management,Year 11,Unit 2,VCEBMU2AS3,,Area of Study 3 - Staffing a business,,VCEBMU2AS3O3KK,Outcome 3,Business Management Students,,Key Knowledge,"Selection methods such as interview, psychological testing, work testing, online selection, and the advantages and disadvantages of each",,1,8
Business and Economics,Business Management,Year 11,Unit 2,VCEBMU2AS3,,Area of Study 3 - Staffing a business,,VCEBMU2AS3O3KK,Outcome 3,Business Management Students,,Key Knowledge,Overview of the National Employment Standards,,1,9
Business and Economics,Business Management,Year 11,Unit 2,VCEBMU2AS3,,Area of Study 3 - Staffing a business,,VCEBMU2AS3O3KK,Outcome 3,Business Management Students,,Key Knowledge,"Employer expectations such as contracts of employment, loyalty and terms of notice",,1,10
Business and Economics,Business Management,Year 11,Unit 2,VCEBMU2AS3,,Area of Study 3 - Staffing a business,,VCEBMU2AS3O3KK,Outcome 3,Business Management Students,,Key Knowledge,"Employee expectations such as conditions of employment, remuneration, job security and work-life balance",,1,11
Business and Economics,Business Management,Year 11,Unit 2,VCEBMU2AS3,,Area of Study 3 - Staffing a business,,VCEBMU2AS3O3KK,Outcome 3,Business Management Students,,Key Knowledge,Overview of legal obligations for staffing such as occupational health and safety (OH&S) regulations and equal employment opportunity (EEO) legislation,,1,12
Business and Economics,Business Management,Year 11,Unit 2,VCEBMU2AS3,,Area of Study 3 - Staffing a business,,VCEBMU2AS3O3KK,Outcome 3,Business Management Students,,Key Knowledge,The purpose and common methods of employee induction,,1,13
Business and Economics,Business Management,Year 11,Unit 2,VCEBMU2AS3,,Area of Study 3 - Staffing a business,,VCEBMU2AS3O3KK,Outcome 3,Business Management Students,,Key Knowledge,Corporate social responsibility management considerations regarding establishment of staffing for a business and overseas recruitment,,1,14
Business and Economics,Business Management,Year 11,Unit 2,VCEBMU2AS3,,Area of Study 3 - Staffing a business,,VCEBMU2AS3O3KS,Outcome 3,Business Management Students,,Key Skills,"Identify, define, describe and apply business management concepts and terms",,1,1
Business and Economics,Business Management,Year 11,Unit 2,VCEBMU2AS3,,Area of Study 3 - Staffing a business,,VCEBMU2AS3O3KS,Outcome 3,Business Management Students,,Key Skills,"Interpret, discuss, compare and evaluate business information and ideas",,1,2
Business and Economics,Business Management,Year 11,Unit 2,VCEBMU2AS3,,Area of Study 3 - Staffing a business,,VCEBMU2AS3O3KS,Outcome 3,Business Management Students,,Key Skills,Analyse case studies and contemporary examples of business management,,1,3
Business and Economics,Business Management,Year 11,Unit 2,VCEBMU2AS3,,Area of Study 3 - Staffing a business,,VCEBMU2AS3O3KS,Outcome 3,Business Management Students,,Key Skills,Apply business management knowledge to practical and/or simulated business situations,,1,4
Business and Economics,Business Management,Year 12,Unit 3,VCEBMU3AS1,,Area of Study 1 - Business foundations,,VCEBMU3AS1O1KK,Outcome 1,Business Management Students,,Key Knowledge,"Types of businesses including sole traders, partnerships, private limited companies, public listed companies, social enterprises and government business enterprises",,1,1
Business and Economics,Business Management,Year 12,Unit 3,VCEBMU3AS1,,Area of Study 1 - Business foundations,,VCEBMU3AS1O1KK,Outcome 1,Business Management Students,,Key Knowledge,"Business objectives including to make a profit, to increase market share, to improve efficiency, to improve effectiveness, to fulfil a market need, to fulfill a social need and to meet shareholder expectations",,1,2
Business and Economics,Business Management,Year 12,Unit 3,VCEBMU3AS1,,Area of Study 1 - Business foundations,,VCEBMU3AS1O1KK,Outcome 1,Business Management Students,,Key Knowledge,"Stakeholders of businesses including owners, managers, employees, customers, suppliers and the general community",,1,3
Business and Economics,Business Management,Year 12,Unit 3,VCEBMU3AS1,,Area of Study 1 - Business foundations,,VCEBMU3AS1O1KK,Outcome 1,Business Management Students,,Key Knowledge,Characteristics of stakeholders of businesses including their interests and potential conflicts between stakeholders,,1,4
Business and Economics,Business Management,Year 12,Unit 3,VCEBMU3AS1,,Area of Study 1 - Business foundations,,VCEBMU3AS1O1KK,Outcome 1,Business Management Students,,Key Knowledge,"Management styles including autocratic, persuasive, consultative, participative and laissez-faire",,1,5
Business and Economics,Business Management,Year 12,Unit 3,VCEBMU3AS1,,Area of Study 1 - Business foundations,,VCEBMU3AS1O1KK,Outcome 1,Business Management Students,,Key Knowledge,"The appropriateness of management styles in relation to the nature of the task, time, experience of employees and manager preference",,1,6
Business and Economics,Business Management,Year 12,Unit 3,VCEBMU3AS1,,Area of Study 1 - Business foundations,,VCEBMU3AS1O1KK,Outcome 1,Business Management Students,,Key Knowledge,"Management skills including communication, delegation, planning, leadership, decision-making and interpersonal",,1,7
Business and Economics,Business Management,Year 12,Unit 3,VCEBMU3AS1,,Area of Study 1 - Business foundations,,VCEBMU3AS1O1KK,Outcome 1,Business Management Students,,Key Knowledge,The relationship between management styles and management skills,,1,8
Business and Economics,Business Management,Year 12,Unit 3,VCEBMU3AS1,,Area of Study 1 - Business foundations,,VCEBMU3AS1O1KK,Outcome 1,Business Management Students,,Key Knowledge,"Corporate culture, both official and real",,1,9
Business and Economics,Business Management,Year 12,Unit 3,VCEBMU3AS1,,Area of Study 1 - Business foundations,,VCEBMU3AS1O1KS,Outcome 1,Business Management Students,,Key Skills,"Identify, define, describe and apply business management concepts and terms",,1,1
Business and Economics,Business Management,Year 12,Unit 3,VCEBMU3AS1,,Area of Study 1 - Business foundations,,VCEBMU3AS1O1KS,Outcome 1,Business Management Students,,Key Skills,"Interpret, discuss, compare and evaluate business information and ideas",,1,2
Business and Economics,Business Management,Year 12,Unit 3,VCEBMU3AS1,,Area of Study 1 - Business foundations,,VCEBMU3AS1O1KS,Outcome 1,Business Management Students,,Key Skills,Analyse case studies and contemporary examples of business management,,1,3
Business and Economics,Business Management,Year 12,Unit 3,VCEBMU3AS1,,Area of Study 1 - Business foundations,,VCEBMU3AS1O1KS,Outcome 1,Business Management Students,,Key Skills,Apply business management knowledge to practical and/or simulated business situations,,1,4
Business and Economics,Business Management,Year 12,Unit 3,VCEBMU3AS2,,Area of Study 2 - Human resource management,,VCEBMU3AS2O2KK,Outcome 2,Business Management Students,,Key Knowledge,The relationship between human resource management and business objectives,,1,1
Business and Economics,Business Management,Year 12,Unit 3,VCEBMU3AS2,,Area of Study 2 - Human resource management,,VCEBMU3AS2O2KK,Outcome 2,Business Management Students,,Key Knowledge,"Key principles of the following theories of motivation: Hierarchy of Needs (Maslow), Goal Setting Theory (Locke and Latham) and the Four Drive Theory (Lawrence and Nohria)",,1,2
Business and Economics,Business Management,Year 12,Unit 3,VCEBMU3AS2,,Area of Study 2 - Human resource management,,VCEBMU3AS2O2KK,Outcome 2,Business Management Students,,Key Knowledge,"Motivation strategies including performance-related pay, career advancement, investment in training, support strategies and sanction strategies",,1,3
Business and Economics,Business Management,Year 12,Unit 3,VCEBMU3AS2,,Area of Study 2 - Human resource management,,VCEBMU3AS2O2KK,Outcome 2,Business Management Students,,Key Knowledge,Advantages and disadvantages of motivation strategies and their effect on short- and long-term employee motivation,,1,4
Business and Economics,Business Management,Year 12,Unit 3,VCEBMU3AS2,,Area of Study 2 - Human resource management,,VCEBMU3AS2O2KK,Outcome 2,Business Management Students,,Key Knowledge,"Training options including on-the-job and off-the-job training, and the advantages and disadvantages
of each",,1,5
Business and Economics,Business Management,Year 12,Unit 3,VCEBMU3AS2,,Area of Study 2 - Human resource management,,VCEBMU3AS2O2KK,Outcome 2,Business Management Students,,Key Knowledge,"Performance management strategies to achieve both business and employee objectives, including management by objectives, appraisals, self-evaluation and employee observation",,1,6
Business and Economics,Business Management,Year 12,Unit 3,VCEBMU3AS2,,Area of Study 2 - Human resource management,,VCEBMU3AS2O2KK,Outcome 2,Business Management Students,,Key Knowledge,"Termination management including retirement, redundancy, resignation and dismissal, entitlement considerations and transition considerations",,1,7
Business and Economics,Business Management,Year 12,Unit 3,VCEBMU3AS2,,Area of Study 2 - Human resource management,,VCEBMU3AS2O2KK,Outcome 2,Business Management Students,,Key Knowledge,"The roles of participants in the workplace including human resource managers, employees, employer associations, unions and the Fair Work Commission",,1,8
Business and Economics,Business Management,Year 12,Unit 3,VCEBMU3AS2,,Area of Study 2 - Human resource management,,VCEBMU3AS2O2KK,Outcome 2,Business Management Students,,Key Knowledge,Awards and agreements as methods of determining wages and conditions of work,,1,9
Business and Economics,Business Management,Year 12,Unit 3,VCEBMU3AS2,,Area of Study 2 - Human resource management,,VCEBMU3AS2O2KK,Outcome 2,Business Management Students,,Key Knowledge,An overview of the dispute resolution process including mediation and arbitration,,1,10
Business and Economics,Business Management,Year 12,Unit 3,VCEBMU3AS2,,Area of Study 2 - Human resource management,,VCEBMU3AS2O2KS,Outcome 2,Business Management Students,,Key Skills,"Identify, define, describe and apply business management concepts and terms",,1,1
Business and Economics,Business Management,Year 12,Unit 3,VCEBMU3AS2,,Area of Study 2 - Human resource management,,VCEBMU3AS2O2KS,Outcome 2,Business Management Students,,Key Skills,"Interpret, discuss, compare and evaluate business information, theories and ideas",,1,2
Business and Economics,Business Management,Year 12,Unit 3,VCEBMU3AS2,,Area of Study 2 - Human resource management,,VCEBMU3AS2O2KS,Outcome 2,Business Management Students,,Key Skills,Analyse case studies and contemporary examples of business management,,1,3
Business and Economics,Business Management,Year 12,Unit 3,VCEBMU3AS2,,Area of Study 2 - Human resource management,,VCEBMU3AS2O2KS,Outcome 2,Business Management Students,,Key Skills,Apply business management knowledge to practical and/or simulated business situations,,1,4
Business and Economics,Business Management,Year 12,Unit 3,VCEBMU3AS2,,Area of Study 2 - Human resource management,,VCEBMU3AS2O2KS,Outcome 2,Business Management Students,,Key Skills,"Propose, justify and evaluate management strategies to improve business performance",,1,5
Business and Economics,Business Management,Year 12,Unit 3,VCEBMU3AS3,,Area of Study 3 - Operations management,,VCEBMU3AS3O3KK,Outcome 3,Business Management Students,,Key Knowledge,The relationship between operations management and business objectives,,1,1
Business and Economics,Business Management,Year 12,Unit 3,VCEBMU3AS3,,Area of Study 3 - Operations management,,VCEBMU3AS3O3KK,Outcome 3,Business Management Students,,Key Knowledge,"Key elements of an operations system: inputs, processes and outputs",,1,2
Business and Economics,Business Management,Year 12,Unit 3,VCEBMU3AS3,,Area of Study 3 - Operations management,,VCEBMU3AS3O3KK,Outcome 3,Business Management Students,,Key Knowledge,Characteristics of operations management within both manufacturing and service businesses,,1,3
Business and Economics,Business Management,Year 12,Unit 3,VCEBMU3AS3,,Area of Study 3 - Operations management,,VCEBMU3AS3O3KK,Outcome 3,Business Management Students,,Key Knowledge,"Strategies to improve both the efficiency and effectiveness of operations related to technological developments, including the use of automated production lines, robotics, computer-aided design, computer-aided manufacturing techniques, artificial intelligence and online services",,1,4
Business and Economics,Business Management,Year 12,Unit 3,VCEBMU3AS3,,Area of Study 3 - Operations management,,VCEBMU3AS3O3KK,Outcome 3,Business Management Students,,Key Knowledge,"Strategies to improve both the efficiency and effectiveness of operations related to materials, including forecasting, master production schedule, materials requirement planning and Just in Time",,1,5
Business and Economics,Business Management,Year 12,Unit 3,VCEBMU3AS3,,Area of Study 3 - Operations management,,VCEBMU3AS3O3KK,Outcome 3,Business Management Students,,Key Knowledge,"Strategies to improve both the efficiency and effectiveness of operations related to quality, including quality control, quality assurance and Total Quality Management",,1,6
Business and Economics,Business Management,Year 12,Unit 3,VCEBMU3AS3,,Area of Study 3 - Operations management,,VCEBMU3AS3O3KK,Outcome 3,Business Management Students,,Key Knowledge,"Strategies to improve the efficiency and effectiveness of operations through waste minimisation in the production process, including reduce, reuse, recycle",,1,7
Business and Economics,Business Management,Year 12,Unit 3,VCEBMU3AS3,,Area of Study 3 - Operations management,,VCEBMU3AS3O3KK,Outcome 3,Business Management Students,,Key Knowledge,"The pull, one-piece flow, takt, zero defects strategy to improve the efficiency and effectiveness of operations related to lean management",,1,8
Business and Economics,Business Management,Year 12,Unit 3,VCEBMU3AS3,,Area of Study 3 - Operations management,,VCEBMU3AS3O3KK,Outcome 3,Business Management Students,,Key Knowledge,"Corporate social responsibility considerations for an operations system, including the environmental sustainability of inputs and the amount of waste generated from processes and production of outputs",,1,9
Business and Economics,Business Management,Year 12,Unit 3,VCEBMU3AS3,,Area of Study 3 - Operations management,,VCEBMU3AS3O3KK,Outcome 3,Business Management Students,,Key Knowledge,"Global considerations for operations management including global sourcing of inputs, overseas manufacture and global outsourcing",,1,10
Business and Economics,Business Management,Year 12,Unit 3,VCEBMU3AS3,,Area of Study 3 - Operations management,,VCEBMU3AS3O3KS,Outcome 3,Business Management Students,,Key Skills,"Identify, define, describe and apply business management concepts and terms",,1,1
Business and Economics,Business Management,Year 12,Unit 3,VCEBMU3AS3,,Area of Study 3 - Operations management,,VCEBMU3AS3O3KS,Outcome 3,Business Management Students,,Key Skills,"Interpret, discuss, compare and evaluate business information, theories and ideas",,1,2
Business and Economics,Business Management,Year 12,Unit 3,VCEBMU3AS3,,Area of Study 3 - Operations management,,VCEBMU3AS3O3KS,Outcome 3,Business Management Students,,Key Skills,Analyse case studies and contemporary examples of business management,,1,3
Business and Economics,Business Management,Year 12,Unit 3,VCEBMU3AS3,,Area of Study 3 - Operations management,,VCEBMU3AS3O3KS,Outcome 3,Business Management Students,,Key Skills,Apply business management knowledge to practical and/or simulated business situations,,1,4
Business and Economics,Business Management,Year 12,Unit 3,VCEBMU3AS3,,Area of Study 3 - Operations management,,VCEBMU3AS3O3KS,Outcome 3,Business Management Students,,Key Skills,"Propose, justify and evaluate management strategies to improve business performance",,1,5
Business and Economics,Business Management,Year 12,Unit 4,VCEBMU4AS1,,Area of Study 1 - Reviewing performance – the need for change,,VCEBMU4AS1O1KK,Outcome 1,Business Management Students,,Key Knowledge,The concept of business change,,1,1
Business and Economics,Business Management,Year 12,Unit 4,VCEBMU4AS1,,Area of Study 1 - Reviewing performance – the need for change,,VCEBMU4AS1O1KK,Outcome 1,Business Management Students,,Key Knowledge,Proactive and reactive approaches to change,,1,2
Business and Economics,Business Management,Year 12,Unit 4,VCEBMU4AS1,,Area of Study 1 - Reviewing performance – the need for change,,VCEBMU4AS1O1KK,Outcome 1,Business Management Students,,Key Knowledge,"Key performance indicators as sources of data to analyse the performance of businesses, percentage of market share, net profit figures, rate of productivity growth, number of sales, rates of staff absenteeism, level of staff turnover, level of wastage, number of customer complaints, number of website hits and number of workplace accidents",,1,3
Business and Economics,Business Management,Year 12,Unit 4,VCEBMU4AS1,,Area of Study 1 - Reviewing performance – the need for change,,VCEBMU4AS1O1KK,Outcome 1,Business Management Students,,Key Knowledge,"Key principles of the Force Field Analysis theory (Lewin) including weighting, ranking, implementing
a response and evaluating the response",,1,4
Business and Economics,Business Management,Year 12,Unit 4,VCEBMU4AS1,,Area of Study 1 - Reviewing performance – the need for change,,VCEBMU4AS1O1KK,Outcome 1,Business Management Students,,Key Knowledge,"Driving forces for change in business including owners, managers, employees, competitors, legislation, pursuit of profit, reduction of costs, globalisation, technology, innovation and societal attitudes",,1,5
Business and Economics,Business Management,Year 12,Unit 4,VCEBMU4AS1,,Area of Study 1 - Reviewing performance – the need for change,,VCEBMU4AS1O1KK,Outcome 1,Business Management Students,,Key Knowledge,"Restraining forces in businesses including managers, employees, time, organisational inertia, legislation and financial considerations",,1,6
Business and Economics,Business Management,Year 12,Unit 4,VCEBMU4AS1,,Area of Study 1 - Reviewing performance – the need for change,,VCEBMU4AS1O1KK,Outcome 1,Business Management Students,,Key Knowledge,The two key approaches (lower cost and differentiation) to strategic management according to Porter's Generic Strategies,,1,7
Business and Economics,Business Management,Year 12,Unit 4,VCEBMU4AS1,,Area of Study 1 - Reviewing performance – the need for change,,VCEBMU4AS1O1KS,Outcome 1,Business Management Students,,Key Skills,"Identify, define, describe and apply business management concepts and terms",,1,1
Business and Economics,Business Management,Year 12,Unit 4,VCEBMU4AS1,,Area of Study 1 - Reviewing performance – the need for change,,VCEBMU4AS1O1KS,Outcome 1,Business Management Students,,Key Skills,"Interpret, discuss, compare and evaluate business information, theories and ideas",,1,2
Business and Economics,Business Management,Year 12,Unit 4,VCEBMU4AS1,,Area of Study 1 - Reviewing performance – the need for change,,VCEBMU4AS1O1KS,Outcome 1,Business Management Students,,Key Skills,Analyse case studies and contemporary examples of business management,,1,3
Business and Economics,Business Management,Year 12,Unit 4,VCEBMU4AS1,,Area of Study 1 - Reviewing performance – the need for change,,VCEBMU4AS1O1KS,Outcome 1,Business Management Students,,Key Skills,Apply business management knowledge to practical and/or simulated business situations,,1,4
Business and Economics,Business Management,Year 12,Unit 4,VCEBMU4AS1,,Area of Study 1 - Reviewing performance – the need for change,,VCEBMU4AS1O1KS,Outcome 1,Business Management Students,,Key Skills,"Propose, justify and evaluate management strategies to improve business performance",,1,5
Business and Economics,Business Management,Year 12,Unit 4,VCEBMU4AS2,,Area of Study 2 - Implementing change,,VCEBMU4AS2O2KK,Outcome 2,Business Management Students,,Key Knowledge,The importance of leadership in change management,,1,1
Business and Economics,Business Management,Year 12,Unit 4,VCEBMU4AS2,,Area of Study 2 - Implementing change,,VCEBMU4AS2O2KK,Outcome 2,Business Management Students,,Key Knowledge,"Management strategies to respond to key performance indicators and/or seek new business opportunities, including staff training, staff motivation, change in management styles or management skills, increased investment in technology, improving quality in production, cost cutting, initiating lean production techniques, redeployment of resources (natural, labour and capital), innovation, global sourcing of inputs, overseas manufacture and global outsourcing",,1,2
Business and Economics,Business Management,Year 12,Unit 4,VCEBMU4AS2,,Area of Study 2 - Implementing change,,VCEBMU4AS2O2KK,Outcome 2,Business Management Students,,Key Knowledge,Corporate culture and strategies for its development,,1,3
Business and Economics,Business Management,Year 12,Unit 4,VCEBMU4AS2,,Area of Study 2 - Implementing change,,VCEBMU4AS2O2KK,Outcome 2,Business Management Students,,Key Knowledge,An overview of the principles of the Learning Organisation (Senge) and the need to create a positive culture for change,,1,4
Business and Economics,Business Management,Year 12,Unit 4,VCEBMU4AS2,,Area of Study 2 - Implementing change,,VCEBMU4AS2O2KK,Outcome 2,Business Management Students,,Key Knowledge,"Low-risk strategies to overcome employee resistance including communication, empowerment, support and incentives",,1,5
Business and Economics,Business Management,Year 12,Unit 4,VCEBMU4AS2,,Area of Study 2 - Implementing change,,VCEBMU4AS2O2KK,Outcome 2,Business Management Students,,Key Knowledge,High-risk strategies to overcome employee resistance including manipulation and threat,,1,6
Business and Economics,Business Management,Year 12,Unit 4,VCEBMU4AS2,,Area of Study 2 - Implementing change,,VCEBMU4AS2O2KK,Outcome 2,Business Management Students,,Key Knowledge,Key principles of the Three-step Change Model (Lewin),,1,7
Business and Economics,Business Management,Year 12,Unit 4,VCEBMU4AS2,,Area of Study 2 - Implementing change,,VCEBMU4AS2O2KK,Outcome 2,Business Management Students,,Key Knowledge,"The effect of change on stakeholder groups including owners, managers, employees, customers, suppliers and the general community",,1,8
Business and Economics,Business Management,Year 12,Unit 4,VCEBMU4AS2,,Area of Study 2 - Implementing change,,VCEBMU4AS2O2KK,Outcome 2,Business Management Students,,Key Knowledge,Corporate social responsibility considerations when implementing change,,1,9
Business and Economics,Business Management,Year 12,Unit 4,VCEBMU4AS2,,Area of Study 2 - Implementing change,,VCEBMU4AS2O2KK,Outcome 2,Business Management Students,,Key Knowledge,The importance of reviewing key performance indicators to evaluate the effectiveness of business transformation,,1,10
Business and Economics,Business Management,Year 12,Unit 4,VCEBMU4AS2,,Area of Study 2 - Implementing change,,VCEBMU4AS2O2KS,Outcome 2,Business Management Students,,Key Skills,"Identify, define, describe and apply business management concepts and terms",,1,1
Business and Economics,Business Management,Year 12,Unit 4,VCEBMU4AS2,,Area of Study 2 - Implementing change,,VCEBMU4AS2O2KS,Outcome 2,Business Management Students,,Key Skills,"Interpret, discuss, compare and evaluate business information, theories and ideas",,1,2
Business and Economics,Business Management,Year 12,Unit 4,VCEBMU4AS2,,Area of Study 2 - Implementing change,,VCEBMU4AS2O2KS,Outcome 2,Business Management Students,,Key Skills,Analyse case studies and contemporary examples of business management,,1,3
Business and Economics,Business Management,Year 12,Unit 4,VCEBMU4AS2,,Area of Study 2 - Implementing change,,VCEBMU4AS2O2KS,Outcome 2,Business Management Students,,Key Skills,Apply business management knowledge to practical and/or simulated business situations,,1,4
Business and Economics,Business Management,Year 12,Unit 4,VCEBMU4AS2,,Area of Study 2 - Implementing change,,VCEBMU4AS2O2KS,Outcome 2,Business Management Students,,Key Skills,"Propose, justify and evaluate management strategies to improve business performance",,1,5
